Country Name,Country Code,Indicator Name,Indicator Code,1960,1961,1962,1963,1964,1965,1966,1967,1968,1969,1970,1971,1972,1973,1974,1975,1976,1977,1978,1979,1980,1981,1982,1983,1984,1985,1986,1987,1988,1989,1990,1991,1992,1993,1994,1995,1996,1997,1998,1999,2000,2001,2002,2003,2004,2005,2006,2007,2008,2009,2010,2011,2012,2013,2014,2015,2016,2017,2018,2019,2020,2021,2022,2023
Aruba,ABW,"Unemployment, total (% of total labor force) (national estimate)",SL.UEM.TOTL.NE.ZS,,,,,,,,,,,,,,,,,,,,,,,,,,,,,,,,6.08,,,6.45,,,7.45,,,6.92,6.9,,,,,,5.71,,,10.6,8.9,,,,,,,,,,,,
Africa Eastern and Southern,AFE,"Unemployment, total (% of total labor force) (national estimate)",SL.UEM.TOTL.NE.ZS,,,,,,,,,,,,,,,,,,,,,,,,,,,,,,,,,,,,,,,,,,,,,,,,,,,,,,,,,,,,,,,,
Afghanistan,AFG,"Unemployment, total (% of total labor force) (national estimate)",SL.UEM.TOTL.NE.ZS,,,,,,,,,,,,,,,,,,,,,,,,,,,,,,,,,,,,,,,,,,,,,,,,,2.495,,,,1.692,,7.915,,,11.184,,,11.71,5.58,,
Africa Western and Central,AFW,"Unemployment, total (% of total labor force) (national estimate)",SL.UEM.TOTL.NE.ZS,,,,,,,,,,,,,,,,,,,,,,,,,,,,,,,,,,,,,,,,,,,,,,,,,,,,,,,4.356260847,,,6.991943014,,7.79394701,,,3.289222933,
Angola,AGO,"Unemployment, total (% of total labor force) (national estimate)",SL.UEM.TOTL.NE.ZS,,,,,,,,,,,,,,,,,,,,,,,,,14.2,14.9,18.9,,,,,,,,,,,,,,,,,,23.643,,,,,3.782,9.43,16.77,,,9.579,,,,,16.497,,15.799,,
Albania,ALB,"Unemployment, total (% of total labor force) (national estimate)",SL.UEM.TOTL.NE.ZS,,,,,,,,,,,,,,,,,,,,,5.6,5.1,3.6,4.4,5.7,6.7,6.4,6.1,7,7.3,9.5,9.1,26.5,22.3,18.4,12.9,12.3,14.9,17.7,18.4,16.8,16.4,4.615,15,14.4,6.566,13.8,15.966,13.06,13.674,14.086,13.481,13.376,15.866,18.055,17.193,15.418,13.616,12.304,11.466,,,,
Andorra,AND,"Unemployment, total (% of total labor force) (national estimate)",SL.UEM.TOTL.NE.ZS,,,,,,,,,,,,,,,,,,,,,,,,,,,,,,,,,,,,,,,,,,,,,,,,,,,,,,,,,,,,,,,,
Arab World,ARB,"Unemployment, total (% of total labor force) (national estimate)",SL.UEM.TOTL.NE.ZS,,,,,,,,,,,,,,,,,,,,,,,,,,,,,,,,,,,,,,,,,,,,,,11.17388888,10.270384,9.613514962,9.945122317,9.46714528,9.20955006,,10.56074224,,10.72156456,,9.629349128,,,,,,,
United Arab Emirates,ARE,"Unemployment, total (% of total labor force) (national estimate)",SL.UEM.TOTL.NE.ZS,,,,,,,,,,,,,,,,1.96,,,,,,,,,,1.15,,,,,,,,,,1.8,,,,,2.25,,,,,3.12,,,,,,,,,,,1.64,2.462,2.236,2.331,4.294,3.105,2.873,
Argentina,ARG,"Unemployment, total (% of total labor force) (national estimate)",SL.UEM.TOTL.NE.ZS,,,,,,,,,,,4.8,6,6.6,5.6,3.4,2.3,4.5,2.8,2.8,2,2.3,4.5,4.73,4.17,3.54,5.3,4.4,5.3,6,7.3,7.06,5.44,6.36,10.1,11.76,18.8,17.11,14.82,12.65,14.05,15,17.32,19.59,15.36,13.522,11.506,10.078,8.47,7.837,8.645,7.714,7.18,7.217,7.1,7.268,,,8.347,9.221,9.843,11.461,8.736,6.805,6.139
Armenia,ARM,"Unemployment, total (% of total labor force) (national estimate)",SL.UEM.TOTL.NE.ZS,,,,,,,,,,,,,,,,,,,,,,,,,,,,,,,,,1.8,5.3,6.6,6.7,9.3,10.8,9.4,11.2,,,,,,,,10.394,22.974,19.295,19.523,18.884,17.511,16.576,17.499,18.261,17.617,17.705,13.212,12.2,12.18,10.012,8.766,
American Samoa,ASM,"Unemployment, total (% of total labor force) (national estimate)",SL.UEM.TOTL.NE.ZS,,,,,,,,,,,,,,,12.99,17.24,19.08,14.87,13.79,14.35,12.41,12.61,12.78,12.96,13.11,13.29,13.38,,,,5.11,,,,,,,,,,5.05,,,,,9.98,,,,,9.2,,,,,,,,,,,,,
Antigua and Barbuda,ATG,"Unemployment, total (% of total labor force) (national estimate)",SL.UEM.TOTL.NE.ZS,,,,,,,,,,,,,,20.46,19.46,19.45,20.69,,,,,,,,,,,,,,,6,,,,,,,,,,8.42,,,,,,,,,,,,,,,,,,,,,,
Australia,AUS,"Unemployment, total (% of total labor force) (national estimate)",SL.UEM.TOTL.NE.ZS,,,,,,,,,,,,,,,,,,,,6.265,6.105,5.784,7.163,9.961,8.987,8.258,8.081,8.106,7.226,6.175,6.926,9.586,10.733,10.879,9.724,8.473,8.509,8.367,7.684,6.876,6.288,6.747,6.375,5.933,5.399,5.036,4.785,4.381,4.242,5.565,5.214,5.083,5.225,5.663,6.078,6.055,5.711,5.592,5.3,5.159,6.456,5.116,3.701,3.662
Austria,AUT,"Unemployment, total (% of total labor force) (national estimate)",SL.UEM.TOTL.NE.ZS,,,,,,,,,,2.8,2.4,1.5,1.3,1.2,1.3,2,2,1.8,2.1,2,1.9,2.06,3.35,4.11,3.8,3.6,3.12,3.79,3.55,3.14,3.25,3.42,3.59,4.25,3.535,4.353,5.291,5.157,5.493,4.707,4.694,4.012,4.86,4.785,5.969,5.682,5.32,4.909,4.198,5.371,4.883,4.637,4.909,5.367,5.674,5.802,6.064,5.561,4.933,4.56,5.201,6.459,4.992,5.264
Azerbaijan,AZE,"Unemployment, total (% of total labor force) (national estimate)",SL.UEM.TOTL.NE.ZS,,,,,,,,,,,,,,,,,,,,,,,,,,,,,,,,0.11,0.17,0.52,0.65,0.8,0.9,1.03,1.13,16.25,11.78,10.91,10.04,9.17,7.99,7.26,6.62,6.33,5.86,5.74,5.63,5.42,5.19,4.97,4.91,4.96,5,5,4.9,5,7.24,6.04,5.65,
Burundi,BDI,"Unemployment, total (% of total labor force) (national estimate)",SL.UEM.TOTL.NE.ZS,,,,,,,,,,,,,,,,,,,,,,,,,,,,,,,0.48,,,,,,,,,14,,,,,,,3.185,,1.634,,,,,,1.572,,,,,,1.03,,,
Belgium,BEL,"Unemployment, total (% of total labor force) (national estimate)",SL.UEM.TOTL.NE.ZS,,,,,,,,,,,,2.1,2.7,2.8,3,5.1,6.5,5.67,7.9,6.96,9.1,11.35,13,11.66,11.882,11.321,11.28,11.257,10.128,8.284,7.25,6.984,6.702,8.078,9.645,9.337,9.483,8.95,9.323,8.649,6.586,6.178,6.91,7.68,7.363,8.44,8.246,7.459,6.976,7.908,8.293,7.14,7.542,8.425,8.523,8.482,7.83,7.09,5.941,5.364,5.545,6.248,5.57,5.528
Benin,BEN,"Unemployment, total (% of total labor force) (national estimate)",SL.UEM.TOTL.NE.ZS,,,,,,,,,,,,,,,,,,,,,,,,,,,0.18,,,,,,1.51,,,,,,,,,,0.69,,,,,,,,1.04,2.647,,,,,,,,1.214,,,1.685,
Burkina Faso,BFA,"Unemployment, total (% of total labor force) (national estimate)",SL.UEM.TOTL.NE.ZS,,,,,,,,,,,,,,,,,,,,,,,,,,1.3,,,,,,,,,2.58,,,,2.44,,,,,2.78,,4,,3.3,,,,,,,6.481,,,,4.695,,,,5.348,5.348
Bangladesh,BGD,"Unemployment, total (% of total labor force) (national estimate)",SL.UEM.TOTL.NE.ZS,,,,,,,,,,,,,,,,,,,,,,,,,2.04,2.02,0.96,,,0.92,,2.2,,,,,2.51,,,,3.27,,,4.32,,4.25,3.591,,,5,3.379,,,4.426,,,4.35,4.372,,,,,5.247,
Bulgaria,BGR,"Unemployment, total (% of total labor force) (national estimate)",SL.UEM.TOTL.NE.ZS,,,,,,,,,,,,,,,,,,,,,,,,,,,,,,,1.7,11.1,15.3,16.4,12.8,11.1,12.5,13.7,12.2,14.1,16.218,19.921,18.11,13.733,12.037,10.083,8.951,6.878,5.609,6.817,10.279,11.26,12.27,12.941,11.424,9.143,7.575,6.164,5.211,4.23,5.125,5.267,4.268,4.319
Bahrain,BHR,"Unemployment, total (% of total labor force) (national estimate)",SL.UEM.TOTL.NE.ZS,,,,,,,,,,,,,,,,,,,,,,3.1,,,,,,,,,,,,,,,,,,,,,,,,,,5.6,3.7,4,1.13,4,1.2,,,,,,,,,,,
"Bahamas, The",BHS,"Unemployment, total (% of total labor force) (national estimate)",SL.UEM.TOTL.NE.ZS,,,,,,,,,,,,,,8.6,,21.2,,20.86,,14.7,,,,,,,12.09,,11.02,11.59,7.77,12.17,14.81,12.72,13.83,10.83,11.46,9.76,7.65,7.45,,6.87,9.05,10.84,10.2,10.2,7.54,7.88,8.18,14.25,,14.52,14.02,16.18,13.8,12,12.7,9.8,10,,,,,
Bosnia and Herzegovina,BIH,"Unemployment, total (% of total labor force) (national estimate)",SL.UEM.TOTL.NE.ZS,,,,,,,,,,,,,,,,,,,,,,,,,,,,,,,,17.55,,,,,,,,,,16.1,,,,,31.11,28.984,23.405,24.068,27.312,27.582,28.01,27.49,27.517,27.695,25.408,20.527,18.4,15.692,15.868,14.897,12.657,10.668
Belarus,BLR,"Unemployment, total (% of total labor force) (national estimate)",SL.UEM.TOTL.NE.ZS,,,,,,,,,,,,,,,,,,,,,,,,,,,,,,,,0.05,0.5,1.4,2.1,2.9,4,2.8,2.3,2.1,2.1,2.3,3,3.1,1.9,1.5,1.2,1,0.8,6.1,,0.6,0.5,0.5,0.5,1,5.844,5.648,4.763,4.165,4.049,3.9,3.574,
Belize,BLZ,"Unemployment, total (% of total labor force) (national estimate)",SL.UEM.TOTL.NE.ZS,,,,,,,,,,,,,,,,,,,,,,,,,,,,,,,,,,9.78,11.1,12.48,13.82,12.68,14.31,12.84,,9.07,10.04,,,10.91,9.39,8.51,8.18,,,,,8.349,8.244,7.578,7,6.596,,9.053,,10.157,,
Bermuda,BMU,"Unemployment, total (% of total labor force) (national estimate)",SL.UEM.TOTL.NE.ZS,,,,,,,,,,,,,,,,,,,,,,,,,,,,,,,,,,,,,,,,,2.71,,,,,,,,,4.48,6.49,,8.44,6.66,8.94,,,,,,,,,
Bolivia,BOL,"Unemployment, total (% of total labor force) (national estimate)",SL.UEM.TOTL.NE.ZS,,,,,,,,,,,,9,8.1,7.1,6.1,5.2,5.3,5.3,5.5,5.6,6.1,10.16,11.6,14.19,14.66,19.28,19.76,20.32,18,10.1,6.69,6.59,5.52,5.99,3.08,3.69,5.23,2.08,,3.93,4.47,5.24,5.48,,4.17,5.45,5.08,5.18,2.603,2.973,,2.255,2.066,2.437,2.021,3.111,3.498,3.655,3.519,3.682,7.903,5.089,3.552,
Brazil,BRA,"Unemployment, total (% of total labor force) (national estimate)",SL.UEM.TOTL.NE.ZS,,,,,,,,,,,,,3.06,2.78,,,1.92,2.32,2.36,2.76,,3.99,4.83,4.62,4.04,3.38,2.37,3.56,3.79,4.145,4.703,,7.086,6.03,,7.092,8.035,9.003,10.15,11.125,,10.649,10.641,11.169,10.072,10.551,9.692,9.28,8.268,9.419,,7.578,7.251,7.071,6.755,8.538,11.58,12.792,12.33,11.936,13.697,13.159,9.231,7.947
Barbados,BRB,"Unemployment, total (% of total labor force) (national estimate)",SL.UEM.TOTL.NE.ZS,,,,,,,,,,,,,,,,,9.86,12.45,13.29,9.45,8.98,7.23,8.39,9.06,17.02,18.85,17.88,17.94,17.57,14.06,8.16,7.52,22.94,24.54,22.98,19.66,14.71,14.61,12.4,10.61,9.35,9.85,10.32,11,,,,,,10.02,10.69,,,11.55,12.17,9.803,8.247,8.622,8.322,8.413,,,,
Brunei Darussalam,BRN,"Unemployment, total (% of total labor force) (national estimate)",SL.UEM.TOTL.NE.ZS,,,,,,,,,,,,,,,,8.252,7.85,8.063,8.696,10.041,7.668,7.842,6.548,6.037,,,,,,,,4.7,,,,,,,,,,,,,,,,,,,,,,,6.862,,,9.316,8.7,6.6,7.409,4.905,5.191,
Bhutan,BTN,"Unemployment, total (% of total labor force) (national estimate)",SL.UEM.TOTL.NE.ZS,,,,,,,,,,,,,,,,,,,,,,,,,,,,,,,,,,,,,,,1.4,1.4,,1.9,,1.8,2.49,3.1,3.13,3.7,,3.96,3.32,3.23,2.05,2.87,2.63,2.45,,,3.35,2.72,5.03,4.804,5.947,3.126
Botswana,BWA,"Unemployment, total (% of total labor force) (national estimate)",SL.UEM.TOTL.NE.ZS,,,,,,,,,,,,,,,,,,,,,,,,,,25.67,,,,,,13.82,,,21.2,,21.593,,20.86,,15.88,18.54,,23.8,,,17.782,,,16.169,17.86,,,,,,,,,20.094,21.017,23.106,23.615,23.381
Central African Republic,CAF,"Unemployment, total (% of total labor force) (national estimate)",SL.UEM.TOTL.NE.ZS,,,,,,,,,,,,,,,,,,,,,,,,,,,,,,,,,,,,,,,,,,,,,,,,,,,,,,,,,,,,,,,,
Canada,CAN,"Unemployment, total (% of total labor force) (national estimate)",SL.UEM.TOTL.NE.ZS,,,,,,,,,,4.7,5.9,6.4,6.3,5.6,5.4,,7.09,8.049,8.376,7.525,7.537,7.607,11.04,12.018,11.344,10.503,9.593,8.82,7.762,7.547,8.131,10.316,11.197,11.377,10.395,9.489,9.62,9.101,8.279,7.583,6.829,7.219,7.665,7.574,7.185,6.758,6.484,6.156,6.284,8.46,8.178,7.637,7.392,7.143,7.023,6.945,7.038,6.426,5.837,5.69,9.657,7.527,5.28,5.415
Central Europe and the Baltics,CEB,"Unemployment, total (% of total labor force) (national estimate)",SL.UEM.TOTL.NE.ZS,,,,,,,,,,,,,,,,,,,,,,,,,,,,,,,,,10.50472889,12.40069268,11.37032197,10.68401503,10.19883709,9.202350595,9.017686801,10.41762768,12.41386332,13.22255988,13.75588352,13.00345628,12.92323298,12.06262785,10.10789366,7.812689323,6.607586165,8.487527424,9.900231726,9.791836164,9.98198708,10.05028472,8.86555259,7.823768378,6.494236212,5.298197918,4.316313811,3.781422186,4.37458005,4.487086958,4.00721858,4.043018644
Switzerland,CHE,"Unemployment, total (% of total labor force) (national estimate)",SL.UEM.TOTL.NE.ZS,,,,,,,,,,,,,,,,0.3,0.7,0.4,0.4,0.4,0.2,0.2,0.4,0.9,1.1,1,0.8,0.8,0.7,0.6,2.07,1.818,2.344,3.551,3.58,3.094,3.684,4.127,3.568,3.053,2.658,2.49,2.924,4.117,4.316,4.437,3.995,3.641,3.35,4.109,4.808,4.409,4.491,4.747,4.826,4.801,4.918,4.797,4.713,4.394,4.817,5.097,4.3,4.05
Channel Islands,CHI,"Unemployment, total (% of total labor force) (national estimate)",SL.UEM.TOTL.NE.ZS,,,,,,,,,,,,,,,,,,,,,,,,,,,,,,,,,,,,,,,,,,,,,,,,,,,,,,,,,,,,,,,,
Chile,CHL,"Unemployment, total (% of total labor force) (national estimate)",SL.UEM.TOTL.NE.ZS,,,,,,,,,,,,,,,,14.69,12.75,11.83,14.26,13.63,10.46,11.35,19.6,14.65,13.91,,8.71,,6.23,5.29,5.63,5.23,4.35,4.49,5.87,4.7,7.414,7.136,7.307,11.158,10.491,10.39,10.168,9.765,10.162,9.34,9.024,8.427,9.285,11.313,8.278,7.277,6.562,6.074,6.483,6.313,6.673,7.257,7.623,7.493,10.934,9.281,8.249,9.013
China,CHN,"Unemployment, total (% of total labor force) (national estimate)",SL.UEM.TOTL.NE.ZS,,,,,,,,,,,,,,,,,,,5.3,5.4,4.9,3.8,3.2,2.3,1.9,1.8,2,2,2,2.6,2.5,2.3,2.3,2.6,2.8,2.9,3,3.1,3.1,3.1,3.707,3.6,4,4.3,4.2,4.2,4.1,4,4.2,4.3,4.1,4.1,4.1,4.05,4.1,,,3.9,4.93,5.15,5.61,5.11,,
Cote d'Ivoire,CIV,"Unemployment, total (% of total labor force) (national estimate)",SL.UEM.TOTL.NE.ZS,,,,,,,,,,,,,,,,,,,,,,,,,,,,,,,,,6.7,,,4.1,,,4.1,,,,,,,,,,,,,,7.223,4.255,,,1.896,3.273,,2.401,,,2.306,
Cameroon,CMR,"Unemployment, total (% of total labor force) (national estimate)",SL.UEM.TOTL.NE.ZS,,,,,,,,,,,,,,,,,,,,,,,,,,,,,,,,,,,,,8.06,,,,,7.46,,,,4.4,,3.063,,,4.11,,,,3.534,,,,,,,3.275,,
"Congo, Dem. Rep.",COD,"Unemployment, total (% of total labor force) (national estimate)",SL.UEM.TOTL.NE.ZS,,,,,,,,,,,,,,,,,,,,,,,,,,,,,,,,,,,,,,,,,,,,,,2.948,,,,,,,4.485,,,,,,,,1.466,,,
"Congo, Rep.",COG,"Unemployment, total (% of total labor force) (national estimate)",SL.UEM.TOTL.NE.ZS,,,,,,,,,,,,,,,,,,,,,,,,,,,,,,,,,,,,,,,,,,,,,,19.796,,,,19.86,,,10,,,,,,,,,,,
Colombia,COL,"Unemployment, total (% of total labor force) (national estimate)",SL.UEM.TOTL.NE.ZS,,,,,,,,,,,,,,,,10.55,,9.4,,,9.1,8.13,11.46,11.13,13,13.89,12.94,10.83,,,,10.12,9.44,7.8,8.25,8.72,11.81,12.14,15,20.06,20.52,15.04,14.481,13.221,13.717,11.062,,11.204,11.273,12.066,11.153,10.288,9.959,9.246,8.799,8.572,8.922,9.086,9.36,10.28,15.983,13.898,10.547,9.594
Comoros,COM,"Unemployment, total (% of total labor force) (national estimate)",SL.UEM.TOTL.NE.ZS,,,,,,,,,,,,,,,,,,,,,,,,,,,,,,,,,,,,,,,,,,,,,4.571,,,,,,,,,,8.143,,,,,,,5.857,,
Cabo Verde,CPV,"Unemployment, total (% of total labor force) (national estimate)",SL.UEM.TOTL.NE.ZS,,,,,,,,,,,,,,,,,,,,,,,,,,,,,,,23,,,,,,,,,,,,,,,,,,,13.517,10.67,,,,,31.313,,12.24,12.17,11.29,,,,
Costa Rica,CRI,"Unemployment, total (% of total labor force) (national estimate)",SL.UEM.TOTL.NE.ZS,,,,,,,,,,,,,,,,,,,,,,,,,,,,,,,,,,,,,,,,,,6.051,6.396,6.654,6.445,6.749,5.926,4.557,4.934,7.824,7.171,9.518,9.11,8.218,8.499,8.415,8.085,7.729,9.01,10.807,16.432,15.139,11.325,8.325
Caribbean small states,CSS,"Unemployment, total (% of total labor force) (national estimate)",SL.UEM.TOTL.NE.ZS,,,,,,,,,,,,,,,,,,,,,,,,,,,,,,,,,15.64397946,,,,,,,,,,,,,,,,,,,,,,,,,,,,,,,
Cuba,CUB,"Unemployment, total (% of total labor force) (national estimate)",SL.UEM.TOTL.NE.ZS,,,,,,,,,,,,,,,,,,,,,,,,,,,,,,,,,,,,8.27,7.61,7.1,6.23,6.26,5.45,4.08,3.31,2.33,1.854,1.95,1.913,1.788,1.583,1.67,2.5,3.18,3.46,3.29,2.7,2.4,2,1.7,1.7,,,,,
Curacao,CUW,"Unemployment, total (% of total labor force) (national estimate)",SL.UEM.TOTL.NE.ZS,,,,,,,,,,,,,,,,,,,,,,,,,,,,,,,,,,,,,,,,,,,,,,,,,,,,9.78,,13.03,12.61,11.71,,,13.43,,19.07,,,
Cayman Islands,CYM,"Unemployment, total (% of total labor force) (national estimate)",SL.UEM.TOTL.NE.ZS,,,,,,,,,,,,,,,,,,,,,,,,,,,,,,,,5.91,,7.22,5.74,4.94,5.1,4.14,4.17,,,7.54,5.37,3.61,3.45,3.54,2.62,3.83,3.97,6.04,6.68,6.78,6.21,6.27,4.7,4.24,,,,,,,,
Cyprus,CYP,"Unemployment, total (% of total labor force) (national estimate)",SL.UEM.TOTL.NE.ZS,,,,,,,,,,,,,,,,10.9,7.4,3.1,2,1.7,2,2.6,2.8,3.3,3.3,3.3,3.7,3.4,2.8,2.3,1.8,3,2.09,2.7,2.7,2.6,3.1,3.4,3.3,5.532,4.766,4.043,3.336,4.153,4.77,5.481,4.593,3.946,3.756,5.594,6.36,7.942,12.097,16.131,16.277,15.026,13.006,11.155,8.504,7.155,7.755,7.513,6.807,6.098
Czechia,CZE,"Unemployment, total (% of total labor force) (national estimate)",SL.UEM.TOTL.NE.ZS,,,,,,,,,,,,,,,,,,,,,,,,,,,,,,,0.7,2.27,2.6,4.349,4.284,4.083,3.852,4.674,6.455,8.702,8.764,8.128,7.281,7.777,8.298,7.927,7.141,5.316,4.393,6.662,7.281,6.712,6.979,6.953,6.108,5.048,3.952,2.893,2.246,2.015,2.551,2.803,2.224,2.58
Germany,DEU,"Unemployment, total (% of total labor force) (national estimate)",SL.UEM.TOTL.NE.ZS,,,,,,,,,,,,,,,,,,,,,,,,6.449,6.673,6.875,6.608,6.813,6.319,5.705,4.89,5.316,6.323,7.675,8.727,8.158,8.822,9.861,9.787,8.854,7.917,7.773,8.482,9.779,10.727,11.193,10.277,8.732,7.508,7.88,7.043,5.967,5.372,5.316,4.98,4.612,4.104,3.781,3.384,3.163,3.881,3.594,3.12,3.068
Djibouti,DJI,"Unemployment, total (% of total labor force) (national estimate)",SL.UEM.TOTL.NE.ZS,,,,,,,,,,,,,,,,,,,,,,,,,,,,,,,,,,,,,,,,,,,,,,,,,,,,,,,,,,26.064,,,,,,
Dominica,DMA,"Unemployment, total (% of total labor force) (national estimate)",SL.UEM.TOTL.NE.ZS,,,,,,,,,,,,,,,,,,,,,,,,,,,,,,11.33,,9.53,,,,,,23.18,,15.67,,10.96,,,,,,,,,,,,,,,,,,,,,,
Denmark,DNK,"Unemployment, total (% of total labor force) (national estimate)",SL.UEM.TOTL.NE.ZS,,,,,,,,,,,,,,0.9,2.1,5.1,5.3,6.4,7.3,6.1,7,9.2,10,9.745,8.868,7.797,6.033,6.091,6.486,8.149,8.338,9.099,9.027,10.719,8.036,6.992,6.844,5.4,5.039,5.142,4.476,4.164,4.274,5.398,5.204,4.83,3.897,3.801,3.683,6.409,7.747,7.769,7.798,7.384,6.925,6.278,5.989,5.833,5.131,5.018,5.637,5.043,4.434,5.094
Dominican Republic,DOM,"Unemployment, total (% of total labor force) (national estimate)",SL.UEM.TOTL.NE.ZS,,,,,,,,,,,,,,,,,,,,,,,,,,,,,,,,,,,,,,,,,6.432,7.262,6.779,6.938,6.303,6.587,5.655,5.158,4.764,5.467,5.212,6.087,6.722,7.352,6.719,7.605,7.284,5.832,5.861,6.356,6.126,7.702,5.504,5.555
Algeria,DZA,"Unemployment, total (% of total labor force) (national estimate)",SL.UEM.TOTL.NE.ZS,,,,,,,,,,,,,,,,,,,,,,,,,,,,,,17.64,21.26,20.6,24.38,26.23,27.74,31.84,,25.43,,,29.77,27.3,25.9,23.72,17.65,15.27,12.27,13.79,11.33,10.16,9.96,9.96,10.97,9.82,10.207,11.206,10.202,,,,,,,
East Asia & Pacific (excluding high income),EAP,"Unemployment, total (% of total labor force) (national estimate)",SL.UEM.TOTL.NE.ZS,,,,,,,,,,,,,,,,,,,,,,,,,,,,,,,,2.574204186,2.548507096,2.794312146,3.117664604,3.057355506,3.225263351,3.320588692,3.544252683,3.596911351,4.069035355,3.783492512,4.205109659,4.308367638,4.330851889,4.4669756,4.370206282,4.201308507,4.377487831,4.225339892,3.93765404,3.877963385,3.802499173,3.744037975,3.758874756,,,3.531863473,4.298313334,4.339598028,4.826766664,4.551939945,,
Early-demographic dividend,EAR,"Unemployment, total (% of total labor force) (national estimate)",SL.UEM.TOTL.NE.ZS,,,,,,,,,,,,,,,,,,,,,,,,,,,,,,,,,,,6.686445871,,,,,,5.399247041,,,,,5.888773043,,,,,4.887479673,,4.956896676,,,,,,6.956298335,6.349193963,7.435473348,6.526700905,5.524924833,
East Asia & Pacific,EAS,"Unemployment, total (% of total labor force) (national estimate)",SL.UEM.TOTL.NE.ZS,,,,,,,,,,,,,,,,,,,,,,,,,,,,,,,,2.612655487,2.611705446,2.865197458,3.155798278,3.105462071,3.265435355,3.356000592,3.702082386,3.773733207,4.139267774,3.894842147,4.295231125,4.375717019,4.356566169,4.453684256,4.337984512,4.15707768,4.316220302,4.2809976,4.01064467,3.912562764,3.830398172,3.761160111,3.761106024,,,3.522110244,4.190384966,4.214153015,4.710132921,4.438431397,,
Europe & Central Asia (excluding high income),ECA,"Unemployment, total (% of total labor force) (national estimate)",SL.UEM.TOTL.NE.ZS,,,,,,,,,,,,,,,,,,,,,,,,,,,,,,,,,,,,6.474196163,7.770800438,8.329586282,9.363213229,10.65385762,8.58200811,8.722102664,8.772812058,8.597391829,8.43496538,7.947588581,8.033806456,8.36558907,8.548120095,10.31550443,9.780604659,8.717996432,8.407607002,8.361396044,8.78482341,8.801394678,9.080898183,9.017512508,9.135286777,9.658512353,9.227096548,9.907870818,,
Europe & Central Asia,ECS,"Unemployment, total (% of total labor force) (national estimate)",SL.UEM.TOTL.NE.ZS,,,,,,,,,,,,,,,,,,,,,,,,,,,,,,,,,7.712769594,8.837437455,9.776661408,9.49713318,9.845832385,10.16246791,10.32960065,10.39091349,9.26565734,8.615327317,8.629459213,8.706552908,8.686909966,8.36451208,7.919549347,7.183959834,7.145665292,9.078798299,9.150266997,8.806420632,9.021725523,9.215243027,8.895783396,8.51086976,8.075174291,7.477798838,6.978344752,6.718216572,7.045984405,6.917105224,5.826858053,5.532140905
Ecuador,ECU,"Unemployment, total (% of total labor force) (national estimate)",SL.UEM.TOTL.NE.ZS,,,,,,,,,,,,,,,4.4,5.3,,5.8,,,,,,,,,,7.24,6.99,7.71,5.88,8.19,8.56,7.95,6.68,6.7,10.38,9.17,11.49,13.96,4.8,4.252,,5.662,5.002,3.779,3.55,3.142,3.917,4.608,4.088,3.458,3.235,3.083,3.48,3.616,4.597,3.836,3.53,3.812,6.127,4.552,3.761,3.51
"Egypt, Arab Rep.",EGY,"Unemployment, total (% of total labor force) (national estimate)",SL.UEM.TOTL.NE.ZS,,,,,,,,,,,2.4,1.82,1.53,1.71,2.3,2.57,,3.13,3.64,4.55,5.18,4.97,5.21,6.47,5.89,,,,,7.06,8.43,9.38,8.92,10.92,10.93,11.04,9,8.37,8.03,7.95,8.98,9.26,10.01,10.91,10.32,11.049,10.49,8.8,8.517,9.087,8.757,11.849,12.597,13.154,13.105,13.052,12.45,11.767,9.855,7.851,7.974,7.441,7.344,
Euro area,EMU,"Unemployment, total (% of total labor force) (national estimate)",SL.UEM.TOTL.NE.ZS,,,,,,,,,,,,,,,,,,,,,,,,,,,,,,,,8.402208671,8.998374443,10.62669631,11.77632064,11.40801287,11.66496229,11.66554076,11.24543432,10.4940753,9.507610271,8.447149443,8.701523483,9.033448093,9.297562046,9.162329596,8.440709482,7.547890976,7.55215517,9.638264005,10.18016918,10.26395407,11.42108246,12.00130116,11.63263646,10.89252436,10.03061583,9.067554683,8.162795218,7.518102669,7.833938287,7.726904266,6.746344164,6.545517934
Eritrea,ERI,"Unemployment, total (% of total labor force) (national estimate)",SL.UEM.TOTL.NE.ZS,,,,,,,,,,,,,,,,,,,,,,,,,,,,,,,,,,,,,,,,,,,,,,,,,,,,,,,,,,,,,,,,
Spain,ESP,"Unemployment, total (% of total labor force) (national estimate)",SL.UEM.TOTL.NE.ZS,,,,,,,,,,1.3,1.1,1.5,1.5,2.49,3.04,4.8,2.9,5.2,6.97,8.61,11.4,14.17,16,17.49,20.25,21.64,21.259,20.607,19.854,17.331,16.273,15.929,17.697,22.156,24.209,22.675,22.142,20.698,18.673,15.475,13.785,10.348,11.146,11.283,11.09,9.146,8.452,8.232,11.255,17.857,19.86,21.391,24.789,26.094,24.441,22.057,19.635,17.224,15.255,14.105,15.532,14.781,12.917,12.179
Estonia,EST,"Unemployment, total (% of total labor force) (national estimate)",SL.UEM.TOTL.NE.ZS,,,,,,,,,,,,,,,,,,,,,,,,,,,,,,0.56,0.637,1.468,3.681,6.544,7.561,9.659,9.915,10.369,9.51,11.573,13.36,13.135,10.026,11.288,10.248,8.033,5.915,4.592,5.455,13.548,16.707,12.328,10.021,8.631,7.352,6.412,6.882,5.807,5.412,4.514,6.956,6.178,5.571,6.378
Ethiopia,ETH,"Unemployment, total (% of total labor force) (national estimate)",SL.UEM.TOTL.NE.ZS,,,,,,,,,,,,,,,,,,,,,,,,,1.2,,,,,,,,,,3.1,,,,,3.714,,,,,,2.497,,,,,,,,2.251,,,,,,,,3.935,,
European Union,EUU,"Unemployment, total (% of total labor force) (national estimate)",SL.UEM.TOTL.NE.ZS,,,,,,,,,,,,,,,,,,,,,,,,,,,,,,,,8.139185826,9.297519906,10.95436531,11.5227833,11.04730751,11.11546715,10.90469039,10.49430542,10.19707424,9.826681577,9.206057633,9.555376826,9.664106955,9.883914577,9.64752793,8.698384697,7.512218421,7.247650778,9.204780907,9.871293657,9.926304922,10.86961509,11.34112672,10.82249653,10.02205744,9.105017641,8.13035428,7.255396776,6.683602824,7.050571943,7.022267257,6.148134994,6.023629056
Fragile and conflict affected situations,FCS,"Unemployment, total (% of total labor force) (national estimate)",SL.UEM.TOTL.NE.ZS,,,,,,,,,,,,,,,,,,,,,,,,,,,,,,,,,,,,,,,,,,,,,,,,,,,,,,,,,,,,,,,,
Finland,FIN,"Unemployment, total (% of total labor force) (national estimate)",SL.UEM.TOTL.NE.ZS,,,,,,,,,,2.83,1.89,2.26,2.42,2.45,1.61,2.08,3.75,6.09,7.23,6.2,4.86,5.04,5.28,5.43,5.12,5,5.32,5.07,4.47,3.14,3.069,6.503,11.595,16.201,16.426,17.005,15.572,14.968,13.215,11.693,11.135,10.291,10.423,10.469,10.358,9.602,8.935,6.854,6.369,8.25,8.394,7.781,7.689,8.193,8.663,9.376,8.818,8.64,7.361,6.695,7.759,7.617,6.719,7.151
Fiji,FJI,"Unemployment, total (% of total labor force) (national estimate)",SL.UEM.TOTL.NE.ZS,,,,,,,,,,,,,,,,,,,,,,,6.06,,,,,,,,,5.93,5.35,5.88,5.7,5.4,5.78,,,,,,,8.22,4.7,3.886,,,8.94,8.72,8.91,4.406,9,,6.17,,4.32,,,,,,,
France,FRA,"Unemployment, total (% of total labor force) (national estimate)",SL.UEM.TOTL.NE.ZS,,,,,,,,,,,2.42,2.67,2.77,2.69,2.86,4.08,4.47,5.01,5.27,6.03,6.42,7.54,8.2,7.918,9.533,10.259,10.23,10.735,10.18,9.618,9.36,9.134,10.203,11.321,12.593,11.834,12.367,12.566,12.074,11.981,10.218,8.61,8.702,8.307,8.914,8.882,8.833,8.009,7.386,9.122,9.279,9.228,9.841,9.913,10.273,10.354,10.057,9.41,9.018,8.415,8.01,7.874,7.308,7.335
Faroe Islands,FRO,"Unemployment, total (% of total labor force) (national estimate)",SL.UEM.TOTL.NE.ZS,,,,,,,,,,,,,,,,,,,,,,,,,,,,,,,,,,,,,,,,,4.17,4,,3.85,3.7,3.46,1.8,1.73,2.36,3.94,6.39,5.29,3.03,4.03,,,,,,,,,,
"Micronesia, Fed. Sts.",FSM,"Unemployment, total (% of total labor force) (national estimate)",SL.UEM.TOTL.NE.ZS,,,,,,,,,,,,,,,,,,,,,,,,,,,,,,,,,,,,,,,,,,,,,,,,,,,,,,,8.863,,,,,,,,,
Gabon,GAB,"Unemployment, total (% of total labor force) (national estimate)",SL.UEM.TOTL.NE.ZS,,,,,,,,,,,,,,,,,,,,,,,,,,,,,,,,,,17.78,,,,,,,,,,,,16.91,,,,,20.39,,,,,,,,,,,,,
United Kingdom,GBR,"Unemployment, total (% of total labor force) (national estimate)",SL.UEM.TOTL.NE.ZS,,,,,,,,,,,,3.3,3.7,2.6,2.6,4,5.5,5.8,5.7,5.3,6.8,10.4,10.9,11.088,10.901,11.48,11.508,11.017,9.004,7.405,6.969,8.55,9.772,10.346,9.648,8.694,8.189,7.072,6.198,6.042,5.558,4.696,5.037,4.807,4.594,4.835,5.411,5.342,5.705,7.627,7.924,8.169,8.25,7.704,6.363,5.517,4.868,4.452,4.12,3.613,4.472,4.826,3.73,3.984
Georgia,GEO,"Unemployment, total (% of total labor force) (national estimate)",SL.UEM.TOTL.NE.ZS,,,,,,,,,,,,,,,,,,,,,,,,,,,,,,,,,,,,,2.4,5,14.53,13.8,10.82,11.16,12.59,11.51,12.62,13.81,13.57,13.28,17.87,20.71,20.203,19.632,19.653,19.416,17.439,16.506,16.604,13.939,12.667,11.565,11.734,,,
Ghana,GHA,"Unemployment, total (% of total labor force) (national estimate)",SL.UEM.TOTL.NE.ZS,,,,,,,,,,,,,,,,,,,,,,,,,,,,,,,,3.489,4.7,,,,,,8.2,10.1,10.456,,,,,,4.897,,,,5.384,,,2.173,,6.806,,3.369,,,,,3.084,
Gibraltar,GIB,"Unemployment, total (% of total labor force) (national estimate)",SL.UEM.TOTL.NE.ZS,,,,,,,,,,,,,,,,,,,,,,,,,,,,,,,,6.44,,,,,,,,,,,,,,,,,,,,,,,,,,,,,,,,
Guinea,GIN,"Unemployment, total (% of total labor force) (national estimate)",SL.UEM.TOTL.NE.ZS,,,,,,,,,,,,,,,,,,,,,,,,,,,,,,,,,,,,,,,,,,,4.549,,,,,,,,,,,,,,,,,5.018,,,,
"Gambia, The",GMB,"Unemployment, total (% of total labor force) (national estimate)",SL.UEM.TOTL.NE.ZS,,,,,,,,,,,,,,,,,,,,,,,,,,,,,,,,,,,,,,,,,,,,,,,,,,,,,10.346,,,,,,4.127,,,,,6.479
Guinea-Bissau,GNB,"Unemployment, total (% of total labor force) (national estimate)",SL.UEM.TOTL.NE.ZS,,,,,,,,,,,,,,,,,,,,,,,,,,,,,,,,,,,,,,,,,,,,,,,,,,,,,,,,,,,3.127,2.413,,,2.666,
Equatorial Guinea,GNQ,"Unemployment, total (% of total labor force) (national estimate)",SL.UEM.TOTL.NE.ZS,,,,,,,,,,,,,,,,,,,,,,,,25,,,,,,,,,,,,,,,,,,,,,,,,,,,,,,,,,,,,,,,,
Greece,GRC,"Unemployment, total (% of total labor force) (national estimate)",SL.UEM.TOTL.NE.ZS,,,,,,,,,,,,,,,,,,,,,,3.42,4.94,7.804,8.1,7.8,7.356,7.448,7.828,7.505,7.012,7.572,8.927,10.177,9.808,10.117,10.402,10.472,12.227,12.138,11.345,10.764,10.346,9.839,10.628,10.074,8.906,8.351,7.664,9.546,12.719,17.973,24.731,27.686,26.708,24.981,23.514,21.414,19.179,17.045,15.899,14.657,12.426,11.066
Grenada,GRD,"Unemployment, total (% of total labor force) (national estimate)",SL.UEM.TOTL.NE.ZS,,,,,,,,,,,,,,,,,,,,,,,,,,,,,,,,13.91,,,26.93,,16.89,,15.24,,,,,,,,,,,,,,,24.2,24.5,22.9,,,14.066,10.161,13.464,,,
Greenland,GRL,"Unemployment, total (% of total labor force) (national estimate)",SL.UEM.TOTL.NE.ZS,,,,,,,,,,,,,,,,,,,,,,,,,,,,,,,,,,,,,12.92,10.08,11.56,9.03,11.02,9.53,8.82,10.3,10.44,9.25,8.4,,,,7.8,9.4,9.8,10.1,10.3,9.1,,,,,,,,
Guatemala,GTM,"Unemployment, total (% of total labor force) (national estimate)",SL.UEM.TOTL.NE.ZS,,,,,,,,,,,,,,,,,,,,,,2.15,2.27,,,,,2.4,,1.94,,,,,,,,,,,,,,2.807,2.971,,1.902,,,,3.497,4.126,2.765,3.017,2.717,2.506,2.583,2.462,2.283,2.193,,2.174,3.051,
Guam,GUM,"Unemployment, total (% of total labor force) (national estimate)",SL.UEM.TOTL.NE.ZS,,,,,,,,,,,,,,,9.6,8.21,8.79,,,,9.9,8.7,9.6,9.25,,,6.28,,4.27,2.81,2.831,3.509,3.837,5.527,7.6,7.9,8.283,9.67,7.74,13.95,15.32,13.213,11.39,,7.7,7,7.4,8.3,,9.3,8.2,13.3,12.2,11.5,7.6,6.9,5.4,,,,,,,
Guyana,GUY,"Unemployment, total (% of total labor force) (national estimate)",SL.UEM.TOTL.NE.ZS,,,,,,,,,,,,,,,,,,,,,,,,,,,,13.09,,,,,11.9,,,,,,,,,,11.81,,,,10.7,,,,,,,,,,,,14.019,13.525,,,,
High income,HIC,"Unemployment, total (% of total labor force) (national estimate)",SL.UEM.TOTL.NE.ZS,,,,,,,,,,,,,,,,,,,,,,,,,,,,,,,,6.66636993,7.207568625,7.748092317,8.057995622,7.839654837,7.878995421,7.878350851,7.969160895,7.813637687,7.162404624,6.95149177,7.268929933,7.386027557,7.185268535,6.848098429,6.374821639,5.751293899,5.975771122,8.106345746,8.250468937,7.944038743,7.821725814,7.738770555,7.1340597,6.639125042,6.134530019,5.625327293,5.114236419,4.777308626,6.476995301,5.565531375,4.508387907,4.415996315
"Hong Kong SAR, China",HKG,"Unemployment, total (% of total labor force) (national estimate)",SL.UEM.TOTL.NE.ZS,,,,,,,,,,,,,,,,9.17,5,4.3,1.59,2.09,2.4,1.53,1.85,2.11,1.92,3.18,2.82,1.73,1.36,1.07,1.32,1.8,1.96,1.96,1.9,3.22,2.83,2.22,4.58,6.25,4.92,5.09,7.28,7.86,6.74,5.58,4.77,4.01,3.56,5.26,4.329,3.422,3.285,3.4,3.296,3.314,3.392,3.124,2.805,2.917,5.808,5.174,4.318,2.949
Honduras,HND,"Unemployment, total (% of total labor force) (national estimate)",SL.UEM.TOTL.NE.ZS,,,,,,,,,,,,,,,8.1,,,,,,,,7.3,,,,12.12,11.4,,,4.78,4.58,3.06,,,3.24,4.37,3.32,4.02,3.85,,4,4.02,5.3,5.99,4.909,3.575,3.211,3.156,3.292,4.119,4.475,3.755,5.646,7.078,6.147,6.727,5.528,5.622,5.551,10.679,7.94,7.037,5.773
Heavily indebted poor countries (HIPC),HPC,"Unemployment, total (% of total labor force) (national estimate)",SL.UEM.TOTL.NE.ZS,,,,,,,,,,,,,,,,,,,,,,,,,,,,,,,,,,,,,,,,,,,,,,,,,,,,,,,,,,,,,,,,
Croatia,HRV,"Unemployment, total (% of total labor force) (national estimate)",SL.UEM.TOTL.NE.ZS,,,,,,,,,,,,,,,,,,,,,,,,,,,,,,,,11.14,,,,,9.68,9.71,11.392,13.559,16.064,15.822,15.111,13.999,13.727,12.665,11.197,9.949,8.557,9.236,11.664,13.745,16.004,17.307,17.327,16.204,13.124,11.223,8.454,6.633,7.529,7.622,6.976,6.086
Haiti,HTI,"Unemployment, total (% of total labor force) (national estimate)",SL.UEM.TOTL.NE.ZS,,,,,,,,,,,,,,,,,,,,,,,,12.2,,,,,,,11.25,,,,,,,,,7.2,,,,,,,,16.8,,,,,14.1,,,,,,,,,,,
Hungary,HUN,"Unemployment, total (% of total labor force) (national estimate)",SL.UEM.TOTL.NE.ZS,,,,,,,,,,,,,,,,,,,,,,,,,,,,,,,1.7,8.5,9.942,12.098,10.847,10.168,10.022,8.991,8.925,6.929,6.563,5.671,5.608,5.79,5.832,7.189,7.494,7.406,7.817,10.03,11.172,11.029,11.003,10.177,7.725,6.813,5.115,4.156,3.709,3.419,4.25,4.045,3.609,4.107
IBRD only,IBD,"Unemployment, total (% of total labor force) (national estimate)",SL.UEM.TOTL.NE.ZS,,,,,,,,,,,,,,,,,,,,,,,,,,,,,,,,,,,5.169503104,,5.10948134,5.281331163,5.731085711,6.017659824,5.356579828,6.074405776,6.631949183,6.461971572,6.327808706,5.762080423,5.982265102,5.690319371,5.675566158,5.96496776,4.956065863,5.555065814,4.891688539,5.291513506,5.334706267,,,5.519189712,6.307392537,6.129567847,6.914055592,6.377785635,5.574641229,
IDA & IBRD total,IBT,"Unemployment, total (% of total labor force) (national estimate)",SL.UEM.TOTL.NE.ZS,,,,,,,,,,,,,,,,,,,,,,,,,,,,,,,,,,,5.130704635,,,,,,5.358550309,,,,,5.667000208,,,,,4.781685181,,4.808229123,,,,,,6.157098736,6.090336137,6.675752892,6.27364082,,
IDA total,IDA,"Unemployment, total (% of total labor force) (national estimate)",SL.UEM.TOTL.NE.ZS,,,,,,,,,,,,,,,,,,,,,,,,,,,,,,,,,,,,,,,,,,,,,,,,,,,,,,,,,,,,,,,,
IDA blend,IDB,"Unemployment, total (% of total labor force) (national estimate)",SL.UEM.TOTL.NE.ZS,,,,,,,,,,,,,,,,,,,,,,,,,,,,,,,,,,,,,,,,,,,,,,,,,,,,2.58606024,,3.474050617,3.386064254,4.078838312,4.428876203,,,7.432510827,,,,
Indonesia,IDN,"Unemployment, total (% of total labor force) (national estimate)",SL.UEM.TOTL.NE.ZS,,,,,,,,,,,,,,,,,1.92,1.29,2.48,,1.66,,2.85,,,2.1,2.59,2.55,2.74,,2.541,2.617,2.734,2.782,4.366,,4.861,4.684,5.459,6.358,6.078,6.082,6.604,6.658,7.303,7.945,7.551,8.06,7.209,6.106,5.614,5.153,4.468,4.336,4.049,4.514,4.301,3.783,4.387,3.59,4.255,3.827,3.462,
IDA only,IDX,"Unemployment, total (% of total labor force) (national estimate)",SL.UEM.TOTL.NE.ZS,,,,,,,,,,,,,,,,,,,,,,,,,,,,,,,,,,,,,,,,,,,,,,,,,,,,,,,,,,,,,,,,
Isle of Man,IMN,"Unemployment, total (% of total labor force) (national estimate)",SL.UEM.TOTL.NE.ZS,,,,,,,,,,,,,,,,3.1,3.5,3.7,3.1,2.3,2.9,4.6,5.9,7.1,7.4,8,7.7,5.8,3.3,2,2.1,4.1,4.3,4.9,4.7,4.4,3.54,,,0.8,0.6,1.6,0.5,0.8,1,1.4,2.42,1.4,1.4,,,3.31,,2.598,1.98,,2.67,,,,,,,
India,IND,"Unemployment, total (% of total labor force) (national estimate)",SL.UEM.TOTL.NE.ZS,,,,,,,,,,,,,,,,,,,,,,,,,,,,,,,,,,,6.828,,,,,,2.731,,,,,3.804,,,,,3.115,,3.222,,,,,,7.652,6.51,7.859,6.38,4.822,4.172
Not classified,INX,"Unemployment, total (% of total labor force) (national estimate)",SL.UEM.TOTL.NE.ZS,,,,,,,,,,,,,,,,,,,,,,,,,,,,,,,,,,,,,,,,,,,,,,,,,,,,,,,,,,,,,,,,
Ireland,IRL,"Unemployment, total (% of total labor force) (national estimate)",SL.UEM.TOTL.NE.ZS,,,,,,,,,,,,,,,,,,,,,,,,14.764,16.438,17.92,18.02,18.056,17.431,16.092,14.077,15.771,15.021,15.571,14.544,11.97,11.692,10.192,7.699,5.804,4.318,3.684,4.216,4.478,4.491,4.237,4.355,4.98,6.774,12.609,14.534,15.354,15.451,13.735,11.858,9.908,8.374,6.713,5.741,4.95,5.623,6.364,4.501,4.288
"Iran, Islamic Rep.",IRN,"Unemployment, total (% of total labor force) (national estimate)",SL.UEM.TOTL.NE.ZS,,,,,,,,,,,,,,,,,,,,,,,,,,,14.2,,,,,11.1,,,,,9.1,,,,,,12.8,,10.3,11.813,11.519,10.772,10.63,12.113,13.679,12.491,12.275,10.595,10.68,11.166,12.618,12.232,12.195,10.74,9.687,9.282,9.085,
Iraq,IRQ,"Unemployment, total (% of total labor force) (national estimate)",SL.UEM.TOTL.NE.ZS,,,,,,,,,,,,,,,,,,,,,,,,,,,,,,,,,,,,,,,,,,,,,,,,8.646,,,,,7.965,,10.59,,10.82,13.02,,,,16.173,,
Iceland,ISL,"Unemployment, total (% of total labor force) (national estimate)",SL.UEM.TOTL.NE.ZS,,,,,,,,,,,,,,,,,,,,,,,,,,,,,,,,2.548,4.305,5.257,5.326,5.196,3.6,3.72,3.069,2.178,1.936,1.874,2.988,3.997,4.031,2.547,2.83,2.251,2.946,7.22,7.564,7.028,6,5.376,4.897,3.979,2.978,2.742,2.704,3.507,5.478,6.029,3.789,3.518
Israel,ISR,"Unemployment, total (% of total labor force) (national estimate)",SL.UEM.TOTL.NE.ZS,,,,,,,,,,4.47,3.82,3.46,2.7,2.64,3.05,,3.47,,3.42,2.78,4.59,4.92,4.81,4.32,5.69,6.33,,,,,12.241,13.387,14.08,12.741,9.934,8.782,8.455,9.751,10.749,11.183,11.102,11.812,12.888,13.505,13.029,11.342,10.707,9.379,7.704,9.534,8.48,7.139,6.762,6.137,5.789,5.176,4.723,4.14,3.917,3.731,4.169,4.812,3.695,
Italy,ITA,"Unemployment, total (% of total labor force) (national estimate)",SL.UEM.TOTL.NE.ZS,,,,,,,,,,,5.44,5.44,6.39,6.37,5.38,5.82,6.64,7.12,7.24,7.64,7.53,,9.03,8.547,9.432,9.426,10.565,10.743,10.998,11.014,9.806,10.122,9.342,10.237,11.109,11.685,11.893,12.016,12.14,11.707,10.856,9.623,9.231,8.888,7.881,7.745,6.79,6.088,6.737,7.764,8.381,8.377,10.678,12.175,12.717,11.929,11.725,11.242,10.639,9.982,9.19,9.532,8.092,7.627
Jamaica,JAM,"Unemployment, total (% of total labor force) (national estimate)",SL.UEM.TOTL.NE.ZS,,,,,,,,,,17.58,,,23.18,22.11,20.5,19.65,21.81,,23.72,,35.51,25,26.7,,,33.39,,,23.03,,15.72,15.74,15.75,16.32,15.34,16.23,16.01,16.35,15.5,15.74,15.539,14.93,14.191,11.731,12.205,11.263,10.325,9.745,6.666,7.314,7.63,8.034,8.695,9.698,9.046,13.511,8.634,7.399,5.47,4.987,6.501,5.188,4.083,
Jordan,JOR,"Unemployment, total (% of total labor force) (national estimate)",SL.UEM.TOTL.NE.ZS,,,,,,,,,,,,,,,,,,,,,,,,6.6,,,13.3,14.8,,,,,,19.7,,14.6,13.7,,,,13.7,14.7,15.3,14.5,,14.8,14,13.1,12.7,12.9,12.5,12.9,12.2,12.6,11.9,13.075,15.275,18.12,18.257,16.801,19.213,19.837,18.2,
Japan,JPN,"Unemployment, total (% of total labor force) (national estimate)",SL.UEM.TOTL.NE.ZS,1.7,1.4,1.3,1.3,1.1,1.2,1.3,1.3,1.2,1.1,1.1,1.2,1.4,1.3,1.4,1.9,2,2,2.2,2.1,2,2.2,2.4,2.6,2.7,2.6,2.8,2.8,2.5,2.3,2.095,2.059,2.158,2.539,2.89,3.15,3.383,3.374,4.078,4.677,4.748,5.02,5.386,5.251,4.734,4.446,4.192,3.888,4.002,5.068,5.103,4.55,4.358,4.038,3.589,3.385,3.132,2.822,2.467,2.351,2.809,2.828,2.6,2.6
Kazakhstan,KAZ,"Unemployment, total (% of total labor force) (national estimate)",SL.UEM.TOTL.NE.ZS,,,,,,,,,,,,,,,,,,,,,,,,,,,,,,,,0.05,0.4,1.11,7.54,10.98,12.96,13.01,13.13,13.46,12.75,10.43,9.33,8.78,8.4,8.13,7.79,7.26,6.63,6.55,5.77,5.39,5.29,5.2,5.06,4.93,4.96,4.9,4.85,4.8,4.89,,4.86,
Kenya,KEN,"Unemployment, total (% of total labor force) (national estimate)",SL.UEM.TOTL.NE.ZS,,,,,,,,,,,,,,,,,,,,,,,,,,,,,,,,,,,,,,,,10.004,,,,,,9.957,,,,9.6,,,,,,,2.757,,,5.014,,5.693,,
Kyrgyz Republic,KGZ,"Unemployment, total (% of total labor force) (national estimate)",SL.UEM.TOTL.NE.ZS,,,,,,,,,,,,,,,,,,,,,,,,,,,,,,,,,,,,,,,,,7.54,7.84,12.55,9.92,8.53,8.11,8.27,8.1,8.22,8.41,6.007,5.824,4.67,4.296,4.051,3.364,3.249,2.655,3.673,4.252,4.63,4.096,,
Cambodia,KHM,"Unemployment, total (% of total labor force) (national estimate)",SL.UEM.TOTL.NE.ZS,,,,,,,,,,,,,,,,,,,,,,,,,,,,,,,,,,,,,0.963,0.638,,0.039,2.764,2.055,,0.909,7.53,,,1.257,0.825,0.579,0.771,0.577,1.279,0.438,0.692,0.393,0.716,0.141,,0.499,0.172,0.396,,
Kiribati,KIR,"Unemployment, total (% of total labor force) (national estimate)",SL.UEM.TOTL.NE.ZS,,,,,,,,,,,,,,,,,,,,,,,,,,,,,,,,,,,,,,,,,,,,,,14.65,,,,,30.58,,,,,9.335,,,,8.557,10.971,,,
St. Kitts and Nevis,KNA,"Unemployment, total (% of total labor force) (national estimate)",SL.UEM.TOTL.NE.ZS,,,,,,,,,,,,,,,,,,,,,9.83,,,,,,,,,,,5.14,,,,,,,,,,5.12,,,,,,,,,,,,,,,,,,,,,,
"Korea, Rep.",KOR,"Unemployment, total (% of total labor force) (national estimate)",SL.UEM.TOTL.NE.ZS,,,,,,,,,,4.86,4.51,4.57,4.59,4.04,4.15,4.18,3.808,3.806,3.167,3.812,5.196,4.507,4.363,4.068,3.801,3.983,3.81,3.088,2.519,2.569,2.454,2.407,2.513,2.878,2.476,2.063,2.048,2.608,6.963,6.342,4.063,3.699,3.046,3.348,3.42,3.482,3.254,3.013,2.959,3.363,3.324,2.992,2.812,2.747,3.082,3.546,3.65,3.653,3.824,3.746,3.931,3.639,2.857,2.675
Kuwait,KWT,"Unemployment, total (% of total labor force) (national estimate)",SL.UEM.TOTL.NE.ZS,,,,,,,,,,,,,,,,,,,,,,,,1.02,,,,,1.91,,,,,0.8,0.7,,0.7,0.7,0.7,0.7,0.8,0.8,1.1,1.3,1.7,1.95,1.3,1.5,1.75,1.64,1.82,,,,2.9,2.2,2.16,,,,,,,
Latin America & Caribbean (excluding high income),LAC,"Unemployment, total (% of total labor force) (national estimate)",SL.UEM.TOTL.NE.ZS,,,,,,,,,,,,,,,,,,,,,,,,,,,,,,,,,6.587222483,6.442744753,,8.335928575,8.662357488,8.326110536,8.952526166,9.644694447,,8.932133613,9.317798245,8.895286181,8.328502888,8.112290226,7.032233969,7.308865109,6.681681939,7.724577254,,6.526334,6.373202912,6.164370458,5.955399702,6.515961054,7.770468044,8.128666967,7.98480639,8.184041116,10.58583956,9.30954947,6.895992559,6.280127354
Lao PDR,LAO,"Unemployment, total (% of total labor force) (national estimate)",SL.UEM.TOTL.NE.ZS,,,,,,,,,,,,,,,,,,,,,,,,,,,,,,,,,,,,2.6,,,,,,,,,,1.35,,,,,0.708,,,,,,,3.269,,,,,1.209,
Lebanon,LBN,"Unemployment, total (% of total labor force) (national estimate)",SL.UEM.TOTL.NE.ZS,,,,,,,,,,,,,,,,,,,,,,,,,,,,,,,,,,,,,,8.62,,,,,,,7.85,,,8.98,,6.355,,,,,,,,,,11.301,,,,
Liberia,LBR,"Unemployment, total (% of total labor force) (national estimate)",SL.UEM.TOTL.NE.ZS,,,,,,,,,,,,,,,,,,,,,,,,,,,,,,,,,,,,,,,,,,,,,,,,,,,2.266,,,,2.079,,3.081,5.947,,,,,,
Libya,LBY,"Unemployment, total (% of total labor force) (national estimate)",SL.UEM.TOTL.NE.ZS,,,,,,,,,,,,,,,,,,,,,,,,,,,,,,,,,,,,,,,,,,,,,,,,,,,,,19.03,,,,,,,,,,,
St. Lucia,LCA,"Unemployment, total (% of total labor force) (national estimate)",SL.UEM.TOTL.NE.ZS,,,,,,,,,,,,,,,,,,,,,,,,,,,,,,,,,,16.8,17,15.83,16.33,20.47,21.6,18.09,16.49,,20.39,22.18,20.97,18.7,16,14,12.72,15.37,,18.86,19.06,22.21,,,,19.136,19.329,15.613,25.225,20.514,15.934,
Latin America & Caribbean,LCN,"Unemployment, total (% of total labor force) (national estimate)",SL.UEM.TOTL.NE.ZS,,,,,,,,,,,,,,,,,,,,,,,,,,,,,,,,,6.733549904,6.581657472,,8.44387994,8.901361911,8.410472389,8.984218167,9.736418085,,9.066143419,9.790130238,9.403245958,8.452209287,8.329874226,7.241750063,7.365420041,6.756566822,7.780527806,,6.590445847,6.40789047,6.18577755,6.001139517,6.521144879,7.60357735,7.956782189,7.970007455,8.146857601,10.51953385,9.298371346,6.947160056,6.402139224
Least developed countries: UN classification,LDC,"Unemployment, total (% of total labor force) (national estimate)",SL.UEM.TOTL.NE.ZS,,,,,,,,,,,,,,,,,,,,,,,,,,,,,,,,,,,,,,,,,,,,,,,,,,,,,,,,,,,,,,,,
Low income,LIC,"Unemployment, total (% of total labor force) (national estimate)",SL.UEM.TOTL.NE.ZS,,,,,,,,,,,,,,,,,,,,,,,,,,,,,,,,,,,,,,,,,,,,,,,,,,,,,,,,,,,,,,,,
Liechtenstein,LIE,"Unemployment, total (% of total labor force) (national estimate)",SL.UEM.TOTL.NE.ZS,,,,,,,,,,,,,,,,,,,,,,,,,,,,,,,0.15,0.52,0.76,1.36,1.02,0.9,1.6,1.34,1.78,1.78,1.27,1.12,1.45,2.11,2.4,2.66,2.46,2.01,,,,,,,,,,,,,,,,
Sri Lanka,LKA,"Unemployment, total (% of total labor force) (national estimate)",SL.UEM.TOTL.NE.ZS,,,,,,,,,,,,,,,,,,,,,,,,,,,,,,,15.9,14.661,14.22,13.82,13.03,12.27,11.35,10.6,9.17,8.88,7.74,7.9,8.76,8.22,8.38,7.67,6.5,5.97,5.22,5.85,4.784,4.118,3.88,4.186,4.157,4.519,4.243,4.046,4.318,4.67,5.365,4.981,4.528,
Lower middle income,LMC,"Unemployment, total (% of total labor force) (national estimate)",SL.UEM.TOTL.NE.ZS,,,,,,,,,,,,,,,,,,,,,,,,,,,,,,,,,,,7.079006531,,,,,,4.118151594,,,,,4.814564906,,,,,3.381250283,,3.85501583,,,,,,6.475021544,6.151898325,6.650482029,6.201458699,4.70745186,
Low & middle income,LMY,"Unemployment, total (% of total labor force) (national estimate)",SL.UEM.TOTL.NE.ZS,,,,,,,,,,,,,,,,,,,,,,,,,,,,,,,,,,,4.760636302,,,,,,4.948509687,,,,,5.433099536,,,,,4.590245224,,4.697852354,,,,,,6.221034082,6.175492244,6.727505344,6.342803358,,
Lesotho,LSO,"Unemployment, total (% of total labor force) (national estimate)",SL.UEM.TOTL.NE.ZS,,,,,,,,,,,,,,,,,,,,,,,,,,,10,,,,,,,,,,,37.94,,27.27,,,,,,,,,35.46,,,,,24.58,,,,,,16.876,,,,
Late-demographic dividend,LTE,"Unemployment, total (% of total labor force) (national estimate)",SL.UEM.TOTL.NE.ZS,,,,,,,,,,,,,,,,,,,,,,,,,,,,,,,,2.836613161,3.595916121,3.753125609,4.05515832,4.494937855,4.539000623,4.823901471,5.07828942,5.360906272,5.165447046,5.331447445,5.62288296,5.714947361,5.528760137,5.551713957,5.213696434,4.909319219,5.053412085,5.342794462,4.691638027,4.851568576,4.744647323,4.676775207,4.615287935,,,4.890223138,5.429592648,5.569794823,6.24648722,5.854462924,,
Lithuania,LTU,"Unemployment, total (% of total labor force) (national estimate)",SL.UEM.TOTL.NE.ZS,,,,,,,,,,,,,,,,,,,,,,,,,,,,,,,,,,,17.33,17.54,16.4,14.13,13.711,13.388,15.931,16.84,13.008,12.875,10.684,8.325,5.78,4.25,5.826,13.785,17.814,15.39,13.365,11.77,10.698,9.12,7.862,7.073,6.147,6.255,8.487,7.112,5.956,6.841
Luxembourg,LUX,"Unemployment, total (% of total labor force) (national estimate)",SL.UEM.TOTL.NE.ZS,,,,,,,,,,,,,,,,,,,,,,,,3.198,2.628,2.956,2.631,2.465,1.998,1.588,1.607,1.482,2.029,2.33,3.48,2.918,3.286,2.527,2.763,2.39,2.345,1.805,2.621,3.675,5.113,4.488,4.731,4.065,5.06,5.194,4.423,5.122,5.03,6.045,6.044,6.796,6.669,5.523,5.589,5.592,6.766,5.571,4.588,5.184
Latvia,LVA,"Unemployment, total (% of total labor force) (national estimate)",SL.UEM.TOTL.NE.ZS,,,,,,,,,,,,,,,,,,,,,,,,,,,,,,,,,,,,,20.93,14.9,14.454,13.79,14.211,13.821,13.829,12.061,11.708,10.033,7.03,6.052,7.739,17.515,19.482,16.206,15.047,11.867,10.846,9.873,9.643,8.715,7.412,6.312,8.098,7.513,6.815,6.465
"Macao SAR, China",MAC,"Unemployment, total (% of total labor force) (national estimate)",SL.UEM.TOTL.NE.ZS,,,,,,,,,,,,,,,,,,,,,,,,,,,,,,,,3.01,2.197,2.057,2.48,3.581,4.249,3.261,4.607,6.348,6.874,6.393,6.267,5.995,4.905,4.158,3.822,3.27,2.999,3.58,2.84,2.56,1.97,1.82,1.67,1.81,1.939,1.987,1.834,1.749,2.566,,,
St. Martin (French part),MAF,"Unemployment, total (% of total labor force) (national estimate)",SL.UEM.TOTL.NE.ZS,,,,,,,,,,,,,,,,,,,,,,,,,,,,,,,,,,,,,,,,,,,,,,,,,,,,,,,,,,,,,,,,
Morocco,MAR,"Unemployment, total (% of total labor force) (national estimate)",SL.UEM.TOTL.NE.ZS,,,,,,,,,,,,,,,,,,,,,,,11.503,,,,,14.7,13.9,16.3,15.8,16.98,15.68,15.69,17.931,22.86,17.76,16.67,19.12,13.94,13.58,12.46,11.59,11.92,10.83,11.01,9.67,9.56,9.57,8.96,9.09,8.91,8.99,9.23,9.7,9.46,9.3,,,,,12.28,11.79,
Monaco,MCO,"Unemployment, total (% of total labor force) (national estimate)",SL.UEM.TOTL.NE.ZS,,,,,,,,,,,,,,,,,,,,,,,,,,,,,,,,,,,,,,,,,3.6,,,,,,,,,,,,,,,,6.33,,,,,,,
Moldova,MDA,"Unemployment, total (% of total labor force) (national estimate)",SL.UEM.TOTL.NE.ZS,,,,,,,,,,,,,,,,,,,,,,,,,,,,,,,,,,,,,,,,11.14,8.539,7.366,6.845,6.378,6.374,5.633,4.26,2.749,2.097,3.024,2.972,2.677,2.19,1.894,1.451,1.781,1.591,1.622,1.239,1.502,1.206,0.794,0.909,1.551
Madagascar,MDG,"Unemployment, total (% of total labor force) (national estimate)",SL.UEM.TOTL.NE.ZS,,,,,,,,,,,,,,,,,,,,,,,,,,,,,,,,,,,,,,,,,5.8,5.35,,5.01,,2.62,,,,,4.28,,0.599,,,1.785,,,,,,,3.186,
Maldives,MDV,"Unemployment, total (% of total labor force) (national estimate)",SL.UEM.TOTL.NE.ZS,,,,,,,,,,,,,,,,,,,,,,,,,,,,,,,,,,,,0.79,,,,,1.97,,,,,,,,,11.697,,,,,3.846,,5.77,,,4.562,,,,
Middle East & North Africa,MEA,"Unemployment, total (% of total labor force) (national estimate)",SL.UEM.TOTL.NE.ZS,,,,,,,,,,,,,,,,,,,,,,,,,,,,,,,,12.42805492,,,,,,,,,,,12.74163184,,11.21171749,11.33293737,10.57670806,9.850221876,9.536986066,9.749991022,10.15866746,,10.80598448,10.50427301,10.55163486,10.54573082,10.08816291,10.60379187,,,,9.000523914,,
Mexico,MEX,"Unemployment, total (% of total labor force) (national estimate)",SL.UEM.TOTL.NE.ZS,,,,,,,,,,,,,,,,,,,,,,,,,,,,,1.76,,,3.145,3.235,3.365,4.436,7.095,5.465,4.235,3.733,2.598,2.646,2.627,3.003,3.455,3.937,3.558,3.566,3.628,3.874,5.356,5.303,5.175,4.892,4.921,4.819,4.311,3.853,3.419,3.275,3.477,4.441,4.019,3.256,2.765
Marshall Islands,MHL,"Unemployment, total (% of total labor force) (national estimate)",SL.UEM.TOTL.NE.ZS,,,,,,,,,,,,,,,,,,,,,9.73,,,,,,,,12.47,,,,,,,,,,,,,,,,,25.37,,,,,,4.74,,,,,,,,6.342,,9.823,,
Middle income,MIC,"Unemployment, total (% of total labor force) (national estimate)",SL.UEM.TOTL.NE.ZS,,,,,,,,,,,,,,,,,,,,,,,,,,,,,,,,,,,4.779144359,,,,,,4.944684217,,,,,5.542457956,,,,5.550912452,4.554051343,,4.74666374,4.949567432,5.024144861,,,,6.248519325,6.202795201,6.821433446,6.411595772,,
North Macedonia,MKD,"Unemployment, total (% of total labor force) (national estimate)",SL.UEM.TOTL.NE.ZS,,,,,,,,,,,,,,,,,,,,,,,22,20.9,21.1,21.6,21.7,21.5,21.4,22.6,23.6,24.5,26.3,27.7,30,35.6,38.8,36,34.5,32.4,32.2,30.52,31.94,36.69,37.161,37.32,36.392,35.231,33.93,32.351,33.135,31.502,31.096,29.017,28.215,26.395,24.312,22.857,21.208,17.414,16.575,15.801,14.477,
Mali,MLI,"Unemployment, total (% of total labor force) (national estimate)",SL.UEM.TOTL.NE.ZS,,,,,,,,,,,,,,,,,,,,,,,,,,,,,,,,,,,,,,3.3,,,,,,,8.75,,,11.71,,,8.07,6.9,,6.351,6.376,7.729,1.367,7.414,1.62,,3.528,,,
Malta,MLT,"Unemployment, total (% of total labor force) (national estimate)",SL.UEM.TOTL.NE.ZS,,,,,,,,,,,,,,,,,,,,,,,,8.5,,8.1,6.8,4.4,4,3.7,3.9,3.6,4,4.5,4.1,3.7,4.4,5,5.1,5.3,6.324,7.107,6.902,7.488,7.317,6.923,6.798,6.472,5.977,6.889,6.847,6.378,6.197,6.106,5.725,5.379,4.687,4.002,3.658,3.616,4.347,3.394,2.921,3.11
Myanmar,MMR,"Unemployment, total (% of total labor force) (national estimate)",SL.UEM.TOTL.NE.ZS,,,,,,,,,,,,,,,,,,,,,,,,,,,,,,,6,,,,,,,,,,,,,,,,,,,,,,,,,0.766,,1.356,0.767,0.407,1.476,,,
Middle East & North Africa (excluding high income),MNA,"Unemployment, total (% of total labor force) (national estimate)",SL.UEM.TOTL.NE.ZS,,,,,,,,,,,,,,,,,,,,,,,,,,,,,,,,12.41335827,,,,,,,,,,,13.71173714,,11.93248043,12.33679331,11.24138931,10.49534456,10.44576441,10.54318262,11.11053206,11.76898408,11.87653443,11.61466139,11.67378576,11.98761425,12.02243722,,,,,10.51110122,,
Montenegro,MNE,"Unemployment, total (% of total labor force) (national estimate)",SL.UEM.TOTL.NE.ZS,,,,,,,,,,,,,,,,,,,,,,,,,,,,,,,,,,,,,,,,,,,,,,30.31,,19.4,17.15,19.09,19.649,19.759,19.808,19.585,18.054,17.555,17.732,16.082,15.19,15.128,17.878,16.543,,
Mongolia,MNG,"Unemployment, total (% of total labor force) (national estimate)",SL.UEM.TOTL.NE.ZS,,,,,,,,,,,,,,,,,,,,,,,,,,,,,,,,,,,,5.5,,,,,,,6.2,6.768,,,7.193,7.2,5.565,5.86,6.549,4.769,3.905,4.231,4.798,4.861,7.235,6.359,5.377,9.269,6.594,7.747,6.211,
Northern Mariana Islands,MNP,"Unemployment, total (% of total labor force) (national estimate)",SL.UEM.TOTL.NE.ZS,,,,,,,,,,,,,,,,,,,,,,,,,11.75,9.91,,,,,,,,,,,,,,,3.83,,,4.57,,8.22,,,,,11.17,,,,,,,,,,,,,
Mozambique,MOZ,"Unemployment, total (% of total labor force) (national estimate)",SL.UEM.TOTL.NE.ZS,,,,,,,,,,,,,,,,,,,,,,,,,,,,,,,,,,,,,,2.7,,,,,,,,,,,,,,,,,,3.426,,,,,,,,
Mauritania,MRT,"Unemployment, total (% of total labor force) (national estimate)",SL.UEM.TOTL.NE.ZS,,,,,,,,,,,,,,,,,,14.14,,,,,,,,,,,25.8,,,,,,,,,,,,,,,,,,,,,,,,9.865,,,,,10.336,,10.416,,,,
Mauritius,MUS,"Unemployment, total (% of total labor force) (national estimate)",SL.UEM.TOTL.NE.ZS,,,,,,,,,,,,,,,,,,,,,,,,,,,,,,,,,,,,9.59,,,,,,9.14,8.205,5.904,8.337,9.524,9.04,8.475,7.17,7.257,7.654,7.447,7.472,7.322,7.467,7.41,6.814,6.752,6.427,6.331,8.627,7.719,6.322,
Malawi,MWI,"Unemployment, total (% of total labor force) (national estimate)",SL.UEM.TOTL.NE.ZS,,,,,,,,,,,,,,,,,,,,,,,,5.4,,,,,,,,,,,,,,,,,,,,,,0.942,,,,,,1.736,,4.978,,,,3.538,,,0.907,,,
Malaysia,MYS,"Unemployment, total (% of total labor force) (national estimate)",SL.UEM.TOTL.NE.ZS,,,,,,,,,,,5.136,,,,,,,,,,1.661,,3.4,3.8,5.84,6.92,8.29,7.33,7.26,5.73,4.5,0.481,3.71,4.11,,3.15,2.52,2.45,3.2,3.43,3,3.53,3.48,3.61,3.54,3.53,,3.23,3.32,3.66,3.39,3.05,3.1,3.16,2.88,3.1,3.44,3.41,3.3,3.26,4.54,4.64,3.93,
North America,NAC,"Unemployment, total (% of total labor force) (national estimate)",SL.UEM.TOTL.NE.ZS,,,,,,,,,,,,,,,,,,,,,,,,,,,,,,,,7.163775635,7.876454987,7.353954628,6.549596386,6.034158631,5.866416037,5.407759529,4.886961362,4.555967238,4.276767643,4.982944862,5.977404492,6.155387351,5.703424978,5.259601073,4.817925233,4.784168062,5.837046439,9.169320014,9.476347658,8.806746737,7.995439225,7.349603871,6.261482663,5.461802756,5.105476695,4.581596198,4.108738076,3.892411941,8.231289835,5.592996057,3.833748351,3.841936669
Namibia,NAM,"Unemployment, total (% of total labor force) (national estimate)",SL.UEM.TOTL.NE.ZS,,,,,,,,,,,,,,,,,,,,,,,,,,,,,,,,19.14,,,19.4,,,24.45,,,20.3,,,,22.09,,,,,,22.12,,16.771,19.028,18.521,,23.352,,19.877,,,,,
New Caledonia,NCL,"Unemployment, total (% of total labor force) (national estimate)",SL.UEM.TOTL.NE.ZS,,,,,,,,,,,,,,,,,,,,,,,,,,,,,,,,,,,,,18.64,,,,,,,,16.31,,,,,13.97,,,,,14.59,,,11.676,11.702,10.881,13.558,,10.71,
Niger,NER,"Unemployment, total (% of total labor force) (national estimate)",SL.UEM.TOTL.NE.ZS,,,,,,,,,,,,,,,,,,,,,,,,,,,,,,,,,,,,,,,,,,1.47,,,,3.1,,,,,,0.317,2.177,,0.524,,,7.769,,0.532,,,0.418,
Nigeria,NGA,"Unemployment, total (% of total labor force) (national estimate)",SL.UEM.TOTL.NE.ZS,,,,,,,,,,,,,,,,,,,,,,,,,,,3.94,,,,,,,,,,,,,,,,,,,,,,,,,3.77,,3.711,4.562,4.311,7.06,8.389,,10.695,,,3.821,
Nicaragua,NIC,"Unemployment, total (% of total labor force) (national estimate)",SL.UEM.TOTL.NE.ZS,,,,,,,,,,,,,,,,,,,,,,,,,,3.2,4.7,5.8,6,8.66,,,,,,,,,,,,4.12,,7.6,6.41,5.37,5.31,4.89,6.2,8.16,7.83,,5.208,5.28,4.52,4.7,3.9,3.3,5.2,,,,,
Netherlands,NLD,"Unemployment, total (% of total labor force) (national estimate)",SL.UEM.TOTL.NE.ZS,,,,,,,,,,,,,,,,6,,5.88,,6.16,,7.92,,11.851,,10.48,,9.898,9.369,8.704,7.671,7.285,5.555,6.287,7.159,7.158,6.421,5.511,4.394,3.623,2.725,2.119,2.554,3.593,4.646,5.873,5.007,4.153,3.658,4.352,4.991,4.977,5.821,7.241,7.419,6.872,6.007,4.837,3.832,3.379,3.82,4.209,3.526,3.537
Norway,NOR,"Unemployment, total (% of total labor force) (national estimate)",SL.UEM.TOTL.NE.ZS,,,,,,,,,,,,,1.67,1.55,1.48,2.29,1.76,1.46,1.8,1.99,1.65,2.03,1.7,2.04,2.9,2.32,1.79,2.03,3.02,4.83,5.261,5.407,5.91,5.965,5.349,6.307,5.036,4.687,3.737,3.247,3.458,3.738,4.022,4.221,4.256,4.381,3.397,2.493,2.521,3.1,3.527,3.196,3.129,3.425,3.486,4.296,4.68,4.164,3.801,3.684,4.424,4.359,3.231,3.573
Nepal,NPL,"Unemployment, total (% of total labor force) (national estimate)",SL.UEM.TOTL.NE.ZS,,,,,,,,,,,,,,,,,,,,,,,,,,,,,,,,,,,,,4.5,,,1.85,,,,,,,,,1.328,,,,,,,3.1,,10.66,,,,,,
Nauru,NRU,"Unemployment, total (% of total labor force) (national estimate)",SL.UEM.TOTL.NE.ZS,,,,,,,,,,,,,,,,,,,,,,,,,,,,,,,,,,,,,,,,,,,22.76,,,,,,,,,22.96,,13.282,,,,,,,,5.056,,
New Zealand,NZL,"Unemployment, total (% of total labor force) (national estimate)",SL.UEM.TOTL.NE.ZS,,,,,,,,,,,,,,,,,,,,,,,,,,,4.186,4.214,5.77,7.305,7.982,10.614,10.667,9.804,8.354,6.461,6.29,6.857,7.718,7.023,6.13,5.433,5.282,4.745,4.005,3.807,3.857,3.661,4.167,6.121,6.557,6.491,6.931,5.839,5.428,5.415,5.147,4.736,4.335,4.109,4.595,3.776,3.297,3.729
OECD members,OED,"Unemployment, total (% of total labor force) (national estimate)",SL.UEM.TOTL.NE.ZS,,,,,,,,,,,,,,,,,,,,,,,,,,,,,,,,6.549872026,7.281537545,7.735867417,7.836137292,7.588271641,7.558622734,7.264124586,7.235927854,7.181451308,6.775067955,6.62681262,7.135276503,7.260565026,7.180944227,6.833314215,6.18508948,5.886543814,6.200627738,8.370352065,8.510633266,8.116092728,8.101719886,7.986982307,7.412686483,6.860050902,6.435541379,5.916705267,5.476638101,5.385112593,7.14314239,6.193023739,4.98542659,4.829960053
Oman,OMN,"Unemployment, total (% of total labor force) (national estimate)",SL.UEM.TOTL.NE.ZS,,,,,,,,,,,,,,,,,,,,,,,,,,,,,,,,,,,,,,,,,,,,,,,,,4.142,,,,,,,,3.266,,1.8,,2.94,1.9,,
Other small states,OSS,"Unemployment, total (% of total labor force) (national estimate)",SL.UEM.TOTL.NE.ZS,,,,,,,,,,,,,,,,,,,,,,,,,,,,,,,,,,,,,,,,,,,,,,,,8.039560534,,,7.876961284,,,,,,,,,,,8.893006311,,
Pakistan,PAK,"Unemployment, total (% of total labor force) (national estimate)",SL.UEM.TOTL.NE.ZS,,,,,,,,,,,,2.09,2.15,2,1.67,1.7,1.9,1.9,4.18,4.12,4.01,3.82,3.82,4.3,4.16,3.97,3.97,3.05,2.16,2.03,1.97,5.85,5.18,4.28,4.26,5.03,4.79,5.81,5.7,5.35,7.16,6.88,7.83,7.49,7.4,7.05,0.582,0.398,0.423,0.535,0.653,0.796,3.667,2.954,1.827,3.566,2.286,,4.083,4.83,,6.338,,
Panama,PAN,"Unemployment, total (% of total labor force) (national estimate)",SL.UEM.TOTL.NE.ZS,,,,,,,,,,,7.1,7.6,6.79,6.99,5.8,6.41,6.67,8.73,8.06,8.78,,,8.41,9.71,10.08,12.34,10.53,11.84,16.33,16.31,11.6,16.12,14.67,13.26,14,14.01,14.32,13.37,14.02,11.75,13.53,14.71,14.11,13.62,12.44,10.33,9.11,6.78,4.868,6.56,5.832,3.922,3.714,3.732,4.444,4.402,4.843,5.461,5.313,6.409,18.548,10.293,8.281,6.678
Peru,PER,"Unemployment, total (% of total labor force) (national estimate)",SL.UEM.TOTL.NE.ZS,,,,,,,,,,5.9,4.84,4.57,4.4,4.23,4,4.92,5.2,5.82,6.5,7.12,6.97,6.77,6.98,9.2,10.5,11.79,5.32,3.63,,7.92,8.6,5.8,9.4,9.87,,,7.07,4.828,4.972,4.367,4.069,4.848,4.84,4.151,4.707,4.866,4.172,4.079,4.025,3.964,3.596,3.477,3.238,3.575,3.208,3.272,3.741,3.691,3.492,3.379,7.179,5.097,4.291,4.899
Philippines,PHL,"Unemployment, total (% of total labor force) (national estimate)",SL.UEM.TOTL.NE.ZS,,,,,,,,,,6.7,,5.28,5.36,4.77,3.21,3.83,4.8,4.47,4,3.5,4.75,5.36,5.5,4.89,7.03,6.07,6.43,9.1,8.34,8.42,8.13,10.599,9.866,9.289,9.483,9.526,8.564,8.777,10.254,9.809,11.189,3.698,,3.527,3.554,3.795,4.052,3.434,3.72,3.858,3.605,3.592,3.504,3.497,3.6,3.068,2.695,2.552,2.338,2.237,2.522,3.398,2.598,
Palau,PLW,"Unemployment, total (% of total labor force) (national estimate)",SL.UEM.TOTL.NE.ZS,,,,,,,,,,,,,,,,,,,,,,,,,,,,,,,7.76,,,,,7.03,,,,,3.3,,,,,4.18,,,,,,,,,1.357,,,,,,0.765,,,
Papua New Guinea,PNG,"Unemployment, total (% of total labor force) (national estimate)",SL.UEM.TOTL.NE.ZS,,,,,,,,,,,,,,,,,,,,,,,,,,,,,,,7.7,,,,,,,,,,2.92,,,,,,,,,,2.002,2.62,,,,,,,,,,,2.689,
Poland,POL,"Unemployment, total (% of total labor force) (national estimate)",SL.UEM.TOTL.NE.ZS,,,,,,,,,,,,,,,,,,,,,,,,,,,,,,,,,13.645,14.393,14.825,13.695,12.684,10.964,9.935,12.29,16.314,18.373,19.895,19.37,19.074,17.746,13.841,9.602,7.118,8.167,9.637,9.632,10.088,10.326,8.99,7.501,6.161,4.888,3.846,3.277,3.162,3.363,2.886,2.819
Pre-demographic dividend,PRE,"Unemployment, total (% of total labor force) (national estimate)",SL.UEM.TOTL.NE.ZS,,,,,,,,,,,,,,,,,,,,,,,,,,,,,,,,,,,,,,,,,,,,,,,,,,,,,,,,,,,,,,,,
Puerto Rico,PRI,"Unemployment, total (% of total labor force) (national estimate)",SL.UEM.TOTL.NE.ZS,,,,,,,,,,,,11.52,11.83,11.61,13.13,,19.65,19.04,16.73,14.53,17.1,17.83,19.91,22.24,20,20.67,19.53,17.01,15.01,14.6,14.52,16.18,16.93,16.91,14.6,13.93,13.64,13.8,13.46,11.81,10.08,11.4,11.94,11.78,10.31,11.35,11.01,10.93,11.48,15,16.1,15.7,14.5,14.3,13.9,12,11.8,10.8,9.2,8.3,,7.9,6,
"Korea, Dem. People's Rep.",PRK,"Unemployment, total (% of total labor force) (national estimate)",SL.UEM.TOTL.NE.ZS,,,,,,,,,,,,,,,,,,,,,,,,,,,,,,,,,,,,,,,,,,,,,,,,,,,,,,,,,,,,,,,,
Portugal,PRT,"Unemployment, total (% of total labor force) (national estimate)",SL.UEM.TOTL.NE.ZS,,,,,,,,,,,,,,,1.77,4.5,6.4,,7.89,7.94,,,,7.3,,8.18,8.698,7.377,6.008,5.13,4.645,3.919,3.985,5.301,6.709,7.064,7.298,6.571,4.64,4.579,3.806,3.829,4.497,6.132,6.319,7.582,7.649,7.966,7.553,9.432,10.771,12.682,15.531,16.188,13.897,12.447,11.068,8.869,6.994,6.464,6.801,6.577,6.011,6.509
Paraguay,PRY,"Unemployment, total (% of total labor force) (national estimate)",SL.UEM.TOTL.NE.ZS,,,,,,,,,,,,,,,,,,,,5.69,4.11,,5.61,8.25,7.33,5.13,6.1,5.51,4.72,5.62,5.8,5.1,4.98,5.06,4.41,3.4,8.15,5.36,4.417,5.343,7.61,6.206,9.393,6.814,6.513,4.825,5.277,4.713,4.415,5.46,4.569,4.67,4.086,4.385,5.034,4.556,5.255,6.138,6.217,6.595,7.548,7.311,6.755,5.794
West Bank and Gaza,PSE,"Unemployment, total (% of total labor force) (national estimate)",SL.UEM.TOTL.NE.ZS,,,,,,,,,,,,,,,,,,,,,,,,,,,,,,,,,,,,,,,,,10.625,21.493,27.465,23.004,23.215,20.016,19.014,18.282,22.913,20.452,21.416,17.597,19.202,19.894,20.527,23.005,23.939,25.677,26.256,25.34,25.895,26.39,24.42,
Pacific island small states,PSS,"Unemployment, total (% of total labor force) (national estimate)",SL.UEM.TOTL.NE.ZS,,,,,,,,,,,,,,,,,,,,,,,,,,,,,,,,,,,,,,,,,,,,,,,,,,5.785721482,,,,,,,,,,,,,,
Post-demographic dividend,PST,"Unemployment, total (% of total labor force) (national estimate)",SL.UEM.TOTL.NE.ZS,,,,,,,,,,,,,,,,,,,,,,,,,,,,,,,,6.537827365,7.116613878,7.651101841,7.647386392,7.18999193,7.322780948,7.184926062,7.241053834,6.965680979,6.384269668,6.259214674,6.632196293,6.7202649,6.519479952,6.253154441,5.911981922,5.497742078,5.834816371,8.056868389,8.352625011,7.992853724,8.052163735,7.933802785,7.407834272,6.836362433,6.408512115,5.84807835,5.307609119,4.97108471,6.757765705,5.836757847,4.542237061,4.508158304
French Polynesia,PYF,"Unemployment, total (% of total labor force) (national estimate)",SL.UEM.TOTL.NE.ZS,,,,,,,,,,,,,,,,,,,,,,,,,,,,,9.7,,,,,,,,,,,,,,11.71,,,,,11.74,,,,,,,,,,,,,,,,
Qatar,QAT,"Unemployment, total (% of total labor force) (national estimate)",SL.UEM.TOTL.NE.ZS,,,,,,,,,,,,,,,,,,,,,,,,,,,,,,,,,,,,,,,,,,,,,1.48,,0.87,0.52,0.31,0.31,0.45,0.56,0.48,0.28,0.2,0.17,0.15,0.14,0.11,0.1,0.14,0.14,0.13,
Romania,ROU,"Unemployment, total (% of total labor force) (national estimate)",SL.UEM.TOTL.NE.ZS,,,,,,,,,,,,,,,,,,,,,,,,,,,,,,,,,8.26,,8.17,8.01,6.74,5.515,5.63,6.239,6.969,6.562,8.112,6.95,7.719,7.174,7.27,6.413,5.788,6.859,6.959,7.177,6.794,7.096,6.802,6.812,5.901,4.927,4.187,3.912,5.035,5.59,5.614,5.589
Russian Federation,RUS,"Unemployment, total (% of total labor force) (national estimate)",SL.UEM.TOTL.NE.ZS,,,,,,,,,,,,,,,,,,,,,,,,,,,,,,,,,5.181,5.883,8.131,9.449,9.665,11.813,13.261,13.036,10.581,8.978,7.875,8.21,7.763,7.124,7.055,6.002,6.205,8.301,7.369,6.536,5.436,5.458,5.16,5.571,5.559,5.212,4.846,4.496,5.589,4.749,3.867,3.076
Rwanda,RWA,"Unemployment, total (% of total labor force) (national estimate)",SL.UEM.TOTL.NE.ZS,,,,,,,,,,,,,,,,,,,,,,,,,,,,,,0.8,,0.3,,,,,0.56,,,,,,0.89,,,,,,,,,,,,1.169,,,11.875,10.759,11.236,11.829,15.775,15.084,12.352
South Asia,SAS,"Unemployment, total (% of total labor force) (national estimate)",SL.UEM.TOTL.NE.ZS,,,,,,,,,,,,,,,,,,,,,,,,,,,,,,,,,,,6.702105998,,,,,,3.259094813,,,,,4.21910912,,,,,2.913611836,,3.261048871,,,,,,7.183276708,6.279367384,7.882848345,6.3426696,4.867967439,4.171243814
Saudi Arabia,SAU,"Unemployment, total (% of total labor force) (national estimate)",SL.UEM.TOTL.NE.ZS,,,,,,,,,,,,,,,,,,,,,,,,,,,,,,,,,7.2,,,,,,,4.346,4.57,4.618,5.265,5.563,5.822,6.051,6.254,5.734,5.085,5.377,5.55,,5.622,5.6,5.877,5.6,5.6,5.89,6.029,5.636,7.66,6.621,5.589,4.886
Sudan,SDN,"Unemployment, total (% of total labor force) (national estimate)",SL.UEM.TOTL.NE.ZS,,,,,,,,,,,,,,,,,,,19.4,,,,,13.2,,12.1,13.11,,,,,,,,,,,,,,,,,,,,,,15.567,13,,17.44,,,,,,,,,,,7.53,
Senegal,SEN,"Unemployment, total (% of total labor force) (national estimate)",SL.UEM.TOTL.NE.ZS,,,,,,,,,,,,,,,,,,,,,,,,,,,,,,,,,,,,,,,,,,,5.65,,,,10.03,,,,,2.853,,,,6.757,4.455,4.078,,2.863,,,2.837,
Singapore,SGP,"Unemployment, total (% of total labor force) (national estimate)",SL.UEM.TOTL.NE.ZS,,,,,,,,,,,6.06,4.8,4.7,4.51,3.97,4.55,4.48,3.93,2.26,2.12,1.8,1.65,1.5,1.69,2.69,4.27,6.84,5,3.55,2.35,,2.18,3.09,3.07,3.03,3.3,3.57,2.5,3.41,4.85,3.7,3.76,5.65,5.93,5.84,5.59,4.48,3.9,3.96,5.86,4.12,3.89,3.72,3.86,3.74,3.79,4.08,4.2,,3.1,4.1,4.64,3.591,
Solomon Islands,SLB,"Unemployment, total (% of total labor force) (national estimate)",SL.UEM.TOTL.NE.ZS,,,,,,,,,,,,,,,,,,,,,,,,,,,,,,,,,,,,,,,,,,,,,,,,,,2.02,,,,0.694,,,,,,,,,,
Sierra Leone,SLE,"Unemployment, total (% of total labor force) (national estimate)",SL.UEM.TOTL.NE.ZS,,,,,,,,,,,,,,,,,,,,,,,,,,,,,,,,,,,,,,,,,,,,3.879,3.42,,,,,,,,,,4.678,,,,3.193,,,,,
El Salvador,SLV,"Unemployment, total (% of total labor force) (national estimate)",SL.UEM.TOTL.NE.ZS,,,,,,,,,,,,,,,,,,,3.73,6.79,13.34,,,,,16.95,8.63,,9.37,8.35,9.96,7.53,7.88,9.94,7.68,7.65,7.68,7.98,7.1,7.3,6.96,6.96,6.2,6.9,6.8,7.22,6.57,6.41,5.88,7.33,4.893,4.297,3.843,3.693,4.154,3.998,4.418,4.385,4.006,4.17,5.008,4.327,2.999,
San Marino,SMR,"Unemployment, total (% of total labor force) (national estimate)",SL.UEM.TOTL.NE.ZS,,,,,,,,,,,,,,,,,,,,4.8,5.8,,,,7.2,6.9,6.9,6.2,6,5.3,5.5,4.3,4.2,5.1,3.9,3.9,5.1,4.4,4.1,3,2.8,,,,,2.11,1.63,,,4.02,4.37,5.06,5.19,6.08,6.61,7.38,6.45,7.89,7.83,7.54,7.23,6.34,4.91,
Somalia,SOM,"Unemployment, total (% of total labor force) (national estimate)",SL.UEM.TOTL.NE.ZS,,,,,,,,,,,,,,,,,,,,,,,,,,,,,,,,,,,,,,,,,,,,,,,,,,,,,,,,,,,,18.828,,,,
Serbia,SRB,"Unemployment, total (% of total labor force) (national estimate)",SL.UEM.TOTL.NE.ZS,,,,,,,,,,,,,,,,,,,,,,,,,,,,,,,,,,,,13.4,13.2,13.8,13.7,13.7,12.6,12.8,13.8,15.2,18.5,20.85,20.85,18.06,13.67,16.116,19.204,22.959,24,22.154,19.223,17.66,15.257,13.477,12.733,10.395,9.011,10.061,8.684,
Sub-Saharan Africa (excluding high income),SSA,"Unemployment, total (% of total labor force) (national estimate)",SL.UEM.TOTL.NE.ZS,,,,,,,,,,,,,,,,,,,,,,,,,,,,,,,,,,,,,,,,,,,,,,,,,,,,,,,,,,,,,,,,
South Sudan,SSD,"Unemployment, total (% of total labor force) (national estimate)",SL.UEM.TOTL.NE.ZS,,,,,,,,,,,,,,,,,,,,,,,,,,,,,,,,,,,,,,,,,,,,,,,,,12.298,,,,,,,,,,,,,,,
Sub-Saharan Africa,SSF,"Unemployment, total (% of total labor force) (national estimate)",SL.UEM.TOTL.NE.ZS,,,,,,,,,,,,,,,,,,,,,,,,,,,,,,,,,,,,,,,,,,,,,,,,,,,,,,,,,,,,,,,,
Small states,SST,"Unemployment, total (% of total labor force) (national estimate)",SL.UEM.TOTL.NE.ZS,,,,,,,,,,,,,,,,,,,,,,,,,,,,,,,,,,,,,,,,,,,,,,,,,,,,,,,,,,,,,,,,
Sao Tome and Principe,STP,"Unemployment, total (% of total labor force) (national estimate)",SL.UEM.TOTL.NE.ZS,,,,,,,,,,,,,,,,,,,,0.61,0.57,0.7,0.56,0.48,0.34,,,,,,,,,,,,,,,,14.4,15.73,17.63,16.36,16.12,16.47,16.65,,,,,,13.59,,,,,8.808,,,,,,
Suriname,SUR,"Unemployment, total (% of total labor force) (national estimate)",SL.UEM.TOTL.NE.ZS,,,,,,,,,,,,,,,,,,,,,,,,,,,16.37,19.53,,15.51,15.65,,17.28,15.64,12.7,8.39,10.88,10.56,10.63,13.6,,,,,9.49,,,,,8.72,7.15,7.54,8.1,6.6,6.94,7.22,7.917,,,,,,,
Slovak Republic,SVK,"Unemployment, total (% of total labor force) (national estimate)",SL.UEM.TOTL.NE.ZS,,,,,,,,,,,,,,,,,,,,,,,,,,,,,,,,,,12.2,13.654,13.109,11.341,11.894,12.421,16.099,18.546,19.149,18.541,17.55,18.206,16.276,13.395,11.16,9.514,12.023,14.387,13.634,13.966,14.227,11.537,11.492,9.679,8.142,6.544,5.761,6.719,6.894,6.143,5.841
Slovenia,SVN,"Unemployment, total (% of total labor force) (national estimate)",SL.UEM.TOTL.NE.ZS,,,,,,,,,,,,,,,,,,,,,,,,,,,,,,,,7.08,,8.51,8.24,7.15,6.886,6.658,7.4,7.33,6.92,5.685,5.927,6.481,6.017,6.515,5.957,4.828,4.379,5.869,7.248,8.182,8.852,10.116,9.692,8.975,8.007,6.573,5.116,4.448,4.974,4.747,4.013,3.652
Sweden,SWE,"Unemployment, total (% of total labor force) (national estimate)",SL.UEM.TOTL.NE.ZS,,,,,,,,,,1.89,1.51,2.55,2.7,2.46,1.98,1.62,1.61,,,,,,3.14,3.48,3.07,2.83,2.23,2.15,,1.46,1.832,3.243,5.722,9.33,9.58,8.897,9.547,10.359,8.941,7.607,5.466,4.73,4.965,5.555,6.693,7.486,7.066,6.161,6.235,8.351,8.61,7.804,7.976,8.052,7.954,7.432,6.99,6.718,6.365,6.833,8.291,8.803,7.417,7.611
Eswatini,SWZ,"Unemployment, total (% of total labor force) (national estimate)",SL.UEM.TOTL.NE.ZS,,,,,,,,,,,,,,,,,,,,,,,,,,,,,,,,,,,,21.65,,22.5,,,,,,,,,,28.24,,,,,,,,,22.718,,,,,35.707,,
Sint Maarten (Dutch part),SXM,"Unemployment, total (% of total labor force) (national estimate)",SL.UEM.TOTL.NE.ZS,,,,,,,,,,,,,,,,,,,,,,,,,,,,,,,,,,,,,,,,,,,,,,,,,,,,,,,,,,,,,,,,
Seychelles,SYC,"Unemployment, total (% of total labor force) (national estimate)",SL.UEM.TOTL.NE.ZS,,,,,,,,,,,,,,,,,,,,,,,,,,,,,,,,,,,10.35,,,,,,,,9.81,,,5.5,,,,,,4.11,,,3.841,4.151,3.965,3.715,3.528,2.966,4.311,,,
Syrian Arab Republic,SYR,"Unemployment, total (% of total labor force) (national estimate)",SL.UEM.TOTL.NE.ZS,,,,,,,,,,4.3,6.4,7.5,4.7,4.5,5.1,4.81,6.2,5,4.5,3.8,,,,4.24,4.7,,,,,5.78,,6.75,,7.4,7.5,7.2,,,,7.6,,11.63,11.68,10.28,,,8.17,8.42,10.94,8.14,8.61,,,,,,,,,,,,,
Turks and Caicos Islands,TCA,"Unemployment, total (% of total labor force) (national estimate)",SL.UEM.TOTL.NE.ZS,,,,,,,,,,,,,,,,,,,,,,,,,,,,,,,,,,,,,,,,,,9.71,6.18,7.77,9.86,8.04,7.45,5.43,8.3,,,,,,,,,,,,,,,
Chad,TCD,"Unemployment, total (% of total labor force) (national estimate)",SL.UEM.TOTL.NE.ZS,,,,,,,,,,,,,,,,,,,,,,,,,,,,,,,,,,0.7,,,,,,,,,,,,,,,,,,,,,,,,,1.135,,,,,
East Asia & Pacific (IDA & IBRD countries),TEA,"Unemployment, total (% of total labor force) (national estimate)",SL.UEM.TOTL.NE.ZS,,,,,,,,,,,,,,,,,,,,,,,,,,,,,,,,2.574204186,2.548507096,2.794312146,3.117664604,3.057355506,3.225263351,3.320588692,3.544252683,3.596911351,4.069035355,3.783492512,4.205109659,4.308367638,4.330851889,4.4669756,4.370206282,4.201308507,4.377487831,4.225339892,3.93765404,3.877963385,3.802499173,3.744037975,3.758874756,,,3.531863473,4.298313334,4.339598028,4.826766664,4.551939945,,
Europe & Central Asia (IDA & IBRD countries),TEC,"Unemployment, total (% of total labor force) (national estimate)",SL.UEM.TOTL.NE.ZS,,,,,,,,,,,,,,,,,,,,,,,,,,,,,,,,,6.53361879,7.011344335,8.393918605,8.513928266,9.053548481,9.889676639,10.76825154,11.57397458,10.1609477,9.843551663,9.633270289,9.481436815,9.215753957,8.567849439,8.184615382,7.468247658,7.337791426,9.144551281,8.734467739,7.998723637,7.507655243,7.559370343,7.500486619,7.489539224,7.432300833,7.074638496,6.846283468,6.9025362,7.104843377,6.828415425,5.582802318,
Togo,TGO,"Unemployment, total (% of total labor force) (national estimate)",SL.UEM.TOTL.NE.ZS,,,,,,,,,,,,,,,,,,,,,,,,,,,,,,,,,,,,,,,,,,,,,,,4.229,,,,,1.982,,,,2.204,,3.744,,2.036,,,1.965,
Thailand,THA,"Unemployment, total (% of total labor force) (national estimate)",SL.UEM.TOTL.NE.ZS,,,,,,,,,,,,0.19,0.51,0.43,0.47,0.45,0.6,0.9,0.75,0.92,0.93,1.26,2.66,2.9,2.9,4.93,3.5,5.77,3.04,1.39,2.21,2.63,1.35,1.49,1.347,1.1,1.071,0.873,3.404,2.968,2.389,2.6,,1.54,1.51,1.35,1.22,1.18,1.18,1.49,0.622,0.66,0.58,0.249,0.576,0.597,0.688,0.83,0.766,0.716,1.099,1.215,0.94,0.733
Tajikistan,TJK,"Unemployment, total (% of total labor force) (national estimate)",SL.UEM.TOTL.NE.ZS,,,,,,,,,,,,,,,,,,,,,,,,,,,,,,,,,0.4,1.2,1.7,2,2.6,2.7,3.2,3,2.7,2.3,2.5,3.85,2,2,2.2,2.874,,11.5,,,,,,,6.9,,,,,,,
Turkmenistan,TKM,"Unemployment, total (% of total labor force) (national estimate)",SL.UEM.TOTL.NE.ZS,,,,,,,,,,,,,,,,,,,,,,,,,,,,,,,,,,,,,,,,,,,,,,,,,,4,4,,,,,,,,,,,,,
Latin America & the Caribbean (IDA & IBRD countries),TLA,"Unemployment, total (% of total labor force) (national estimate)",SL.UEM.TOTL.NE.ZS,,,,,,,,,,,,,,,,,,,,,,,,,,,,,,,,,6.647959662,6.494243435,,8.405191226,8.896540479,8.401286423,9.020383056,9.80640332,,9.161817861,9.920928516,9.53712166,8.581256801,8.442265109,7.334579938,7.457679157,6.834973059,7.863275973,,6.609799193,6.422773538,6.198842404,6.025523258,6.578769802,7.693451611,8.059897471,8.083041818,8.146253012,10.51953385,9.304023466,6.950959148,6.402139224
Timor-Leste,TLS,"Unemployment, total (% of total labor force) (national estimate)",SL.UEM.TOTL.NE.ZS,,,,,,,,,,,,,,,,,,,,,,,,,,,,,,,,,,,,,,,,,,5.235,,,,,,5.646,,,3.301,,,4.05,,,4.657,,,,,2.344,1.537,
Middle East & North Africa (IDA & IBRD countries),TMN,"Unemployment, total (% of total labor force) (national estimate)",SL.UEM.TOTL.NE.ZS,,,,,,,,,,,,,,,,,,,,,,,,,,,,,,,,12.41335827,,,,,,,,,,,13.59767737,,11.83215592,12.26750785,11.17513839,10.43217013,10.3326807,10.45359914,11.01349556,11.70209472,11.79998173,11.51627591,11.58179909,11.84552493,11.88437816,,,,,10.26691724,,
Tonga,TON,"Unemployment, total (% of total labor force) (national estimate)",SL.UEM.TOTL.NE.ZS,,,,,,,,,,,,,,,,,,,,,,,,,,,,,,,4.16,,,1.3,,,,,,,,,,5.18,,,1.09,,,,,,,,,,,,2.248,,,2.111,,
South Asia (IDA & IBRD),TSA,"Unemployment, total (% of total labor force) (national estimate)",SL.UEM.TOTL.NE.ZS,,,,,,,,,,,,,,,,,,,,,,,,,,,,,,,,,,,6.702105998,,,,,,3.259094813,,,,,4.21910912,,,,,2.913611836,,3.261048871,,,,,,7.183276708,6.279367384,7.882848345,6.3426696,4.867967439,4.171243814
Sub-Saharan Africa (IDA & IBRD countries),TSS,"Unemployment, total (% of total labor force) (national estimate)",SL.UEM.TOTL.NE.ZS,,,,,,,,,,,,,,,,,,,,,,,,,,,,,,,,,,,,,,,,,,,,,,,,,,,,,,,,,,,,,,,,
Trinidad and Tobago,TTO,"Unemployment, total (% of total labor force) (national estimate)",SL.UEM.TOTL.NE.ZS,,,,,,,,,,13.17,12.76,13.03,,15.4,15.24,14.99,,8.98,7.27,6.75,6.03,6.31,6.22,6.61,8.17,9.31,9.37,22.11,21.88,21.95,19.87,18.52,19.66,19.81,18.44,17.22,16.25,15.01,14.21,13.12,12.1,10.88,10.39,10.48,8.33,7.95,6.27,5.54,4.63,5.28,4.033,3.425,3.718,2.683,2.477,2.428,3.207,,,3.523,4.206,4.446,4.383,
Tunisia,TUN,"Unemployment, total (% of total labor force) (national estimate)",SL.UEM.TOTL.NE.ZS,,,,,,,,,,,,,,,,,,,,,,,,,,,,,,16.13,,,,,,,,15.94,,15.21,14.94,14.4,14.55,14.51,14.23,12.872,12.51,12.365,12.444,13.291,13.049,18.334,17.63,15.934,14.259,15.159,15.557,15.33,15.459,17.153,,,15.301,15.106
Turkiye,TUR,"Unemployment, total (% of total labor force) (national estimate)",SL.UEM.TOTL.NE.ZS,,,,,,,,,,,,,,,,,,,,,,,10.93,12.06,11.92,11.21,,,8.04,8.26,8.015,8.21,8.509,8.962,8.577,7.644,6.629,6.841,6.888,7.687,6.495,8.381,10.358,10.542,10.838,10.636,10.227,10.285,10.965,14.026,11.879,9.789,9.21,9.713,9.901,10.304,10.899,10.919,10.956,13.73,13.148,11.969,10.465,9.388
Tuvalu,TUV,"Unemployment, total (% of total labor force) (national estimate)",SL.UEM.TOTL.NE.ZS,,,,,,,,,,,,,,,,,,,,,,,,,,,,,,,,,,,,,,,,,,,6.53,,,,,,,,,,,,,,8.489,26.553,,,,,7.318,
Tanzania,TZA,"Unemployment, total (% of total labor force) (national estimate)",SL.UEM.TOTL.NE.ZS,,,,,,,,,,,,,,,,,,,,,,,,,,,,,,,,3.6,,,,,,,,,,2.994,3.6,,,,3.299,,0.343,2.5,1.314,3.47,2.608,2.93,2.125,,,,,,2.781,,,
Uganda,UGA,"Unemployment, total (% of total labor force) (national estimate)",SL.UEM.TOTL.NE.ZS,,,,,,,,,,,,,,,,,,,,,,,,,,,,,,,,,,,,,,,,,,,3.5,3.6,,1.9,,,,3.6,1.401,0.882,3.551,1.91,1.566,,,3.643,,2.563,,3.422,,
Ukraine,UKR,"Unemployment, total (% of total labor force) (national estimate)",SL.UEM.TOTL.NE.ZS,,,,,,,,,,,,,,,,,,,,,,,,,,,,,,,,,,,,5.62,7.65,8.93,11.32,11.864,11.707,11.061,10.136,9.057,8.59,7.18,6.81,6.351,6.363,8.84,8.1,7.851,7.529,7.17,9.27,9.14,9.35,9.5,8.799,8.194,9.475,9.834,,
Upper middle income,UMC,"Unemployment, total (% of total labor force) (national estimate)",SL.UEM.TOTL.NE.ZS,,,,,,,,,,,,,,,,,,,,,,,,,,,,,,,,3.068256677,3.27626192,3.50489673,3.688615249,4.288233858,4.393111044,4.530165945,4.997798056,5.293986302,5.430154168,5.607605111,6.182103817,6.05293255,5.954577402,5.926215302,5.621120264,5.621913477,5.522713014,5.858574907,5.348989621,5.3198007,5.252676348,5.123791268,5.178709509,,,5.568806399,6.117441297,6.237789944,6.918302222,6.542789316,,
Uruguay,URY,"Unemployment, total (% of total labor force) (national estimate)",SL.UEM.TOTL.NE.ZS,,,,,,,,,,,7.5,7.6,7.7,8.9,8.1,,,,,,7.3,6.6,11.7,,9.94,,10.7,9.1,,,8.53,8.95,8.96,8.35,9.04,10.02,11.93,11.44,9.362,10.466,12.627,15.052,16.648,16.661,12.98,12.009,10.844,9.403,8.026,7.74,7.158,6.307,6.451,6.444,6.547,7.488,7.841,7.89,8.336,8.734,10.33,9.301,7.877,9.458
United States,USA,"Unemployment, total (% of total labor force) (national estimate)",SL.UEM.TOTL.NE.ZS,5.5,6.7,5.5,5.7,5.2,4.5,3.8,3.8,3.6,3.5,4.9,5.9,5.6,4.9,5.6,8.5,7.7,7.1,6.1,5.8,7.1,7.6,9.7,9.6,7.5,7.2,7,6.2,5.5,5.3,5.6,6.8,7.5,6.9,6.119,5.65,5.451,5,4.511,4.219,3.992,4.731,5.783,5.989,5.529,5.084,4.623,4.622,5.784,9.254,9.633,8.949,8.069,7.375,6.168,5.28,4.869,4.355,3.896,3.669,8.055,5.349,3.65,3.638
Uzbekistan,UZB,"Unemployment, total (% of total labor force) (national estimate)",SL.UEM.TOTL.NE.ZS,,,,,,,,,,,,,,,,,,,,,,,,,,,,,,,,,0.2,0.4,0.4,0.4,,,,,0.4,0.4,0.4,0.3,0.4,0.3,0.2,4.99,4.89,5.04,5.36,4.96,4.87,4.86,5.09,5.15,5.16,5.83,9.35,8.98,5.293,,,
St. Vincent and the Grenadines,VCT,"Unemployment, total (% of total labor force) (national estimate)",SL.UEM.TOTL.NE.ZS,,,,,,,,,,,,,,,,,,,,,23.5,,,,,,,,,,,19.77,,,,,,,,,,21.1,,,,,,,18.79,,,,,,,,,,,,,,,
"Venezuela, RB",VEN,"Unemployment, total (% of total labor force) (national estimate)",SL.UEM.TOTL.NE.ZS,,,,,,,,,,,,,,,,7.01,6.34,5.11,4.98,5.81,5.89,7,8.05,11.49,12.86,13.16,10.93,9.1,7.28,9.74,13.96,,,,8.56,10.24,11.77,,,,,8.83,16.17,16.78,,10.663,8.606,7.279,6.245,6.097,7.112,6.902,6.601,,,,5.319,5.045,,,7.53,,,
British Virgin Islands,VGB,"Unemployment, total (% of total labor force) (national estimate)",SL.UEM.TOTL.NE.ZS,,,,,,,,,,,,,,,,,,,,,,,,,,,,,,,,3.29,,,,,,,,,,,,,,,,,,,,,,,,,,,,,,,,
Virgin Islands (U.S.),VIR,"Unemployment, total (% of total labor force) (national estimate)",SL.UEM.TOTL.NE.ZS,,,,,,,,,,,,,,,,,,,,,,,,,,,,,,,,,,,,,,,,,,,,,,,,,,,,,,,,,,,,,,,,
Viet Nam,VNM,"Unemployment, total (% of total labor force) (national estimate)",SL.UEM.TOTL.NE.ZS,,,,,,,,,,,,,,,,,,,,,,,,,,,,,,,,,,,,,1.93,2.87,2.29,2.33,2.26,2.76,2.12,2.25,2.14,,,2.026,,1.737,1.114,0.999,1.027,1.316,1.256,1.849,1.848,1.874,1.161,1.681,2.103,2.385,1.524,
Vanuatu,VUT,"Unemployment, total (% of total labor force) (national estimate)",SL.UEM.TOTL.NE.ZS,,,,,,,,,,,,,,,,,,,,,,,,,,,,,,,,,,,,,,,,,,,,,,,8.006,,,4.565,1.848,,,,,,,,,5.445,4.046,,,
World,WLD,"Unemployment, total (% of total labor force) (national estimate)",SL.UEM.TOTL.NE.ZS,,,,,,,,,,,,,,,,,,,,,,,,,,,,,,,,,,,5.728644826,,5.635935108,,,6.207206749,5.522840082,,,6.429374533,,5.78929189,,,,6.310217254,5.469037055,5.890129388,5.424956228,5.626963445,5.58626464,,,5.558831522,5.957588317,5.858237908,6.670216507,6.164515638,,
Samoa,WSM,"Unemployment, total (% of total labor force) (national estimate)",SL.UEM.TOTL.NE.ZS,,,,,,,,,,,,,,,,,,,,,,,,,,,,,,,,2.1,,,,,,,,,,4.96,,,,,1.29,,,,,5.68,8.752,,8.72,,,9.4,,,,,5.048,
Kosovo,XKX,"Unemployment, total (% of total labor force) (national estimate)",SL.UEM.TOTL.NE.ZS,,,,,,,,,,,,,,,,,,,,,,,,,,,,,,,,,,,,,,,,,11.629,57,55,49.7,39.7,41.4,44.9,46.3,47.5,45.4,,,30.879,29.766,35.264,32.84,27.491,30.344,27.761,25.069,25.459,20.392,12.093,
"Yemen, Rep.",YEM,"Unemployment, total (% of total labor force) (national estimate)",SL.UEM.TOTL.NE.ZS,,,,,,,,,,,,,,,,,,,,,,,,,,,,,,,,,,,8.34,,,,,11.46,,,,,16.23,16.05,15.7,15.33,14.97,14.63,17.82,,,,13.467,,,,,,,,,
South Africa,ZAF,"Unemployment, total (% of total labor force) (national estimate)",SL.UEM.TOTL.NE.ZS,,,,,,,,,,,,,,,,,,,,,,,,,,,,,,,,,,,,,,,25,25.37,29.88,25.371,27.18,27.116,24.673,23.84,22.616,22.326,19.507,20.512,23.181,21.416,21.786,22.038,22.606,22.869,24.023,23.992,24.218,25.538,24.339,28.77,28.838,27.989
Zambia,ZMB,"Unemployment, total (% of total labor force) (national estimate)",SL.UEM.TOTL.NE.ZS,,,,,,,,,,,,,,,,,,,,,,,,,,,13,,,,15,18.9,,19.7,,,15.3,,12,,12.93,,,,,15.9,,,7.93,,13.19,,7.85,,,11.888,,8.518,5.031,5.539,6.032,5.195,5.993,
Zimbabwe,ZWE,"Unemployment, total (% of total labor force) (national estimate)",SL.UEM.TOTL.NE.ZS,,,,,,,,,,,,,,,,,,,,,,,10.8,,,,,7.18,,,,,,,4.96,,,6.93,,6,,,,,4.39,,,,,,,5.368,,,4.774,,,,,7.373,,9.54,10.087,
